Rk,Player,Pos,Age,Tm,G,GS,MP,FG,FGA,FG%,3P,3PA,3P%,2P,2PA,2P%,eFG%,FT,FTA,FT%,ORB,DRB,TRB,AST,STL,BLK,TOV,PF,PS/G
1,Alex Abrines\abrinal01,SG,23,OKC,41,0,14.2,1.8,4.5,.393,1.2,3.2,.374,0.6,1.3,.442,.527,0.8,0.9,.865,0.3,0.9,1.1,0.5,0.4,0.1,0.5,1.5,5.5
2,Quincy Acy\acyqu01,PF,26,TOT,17,0,10.6,1.8,3.8,.469,0.8,1.7,.483,0.9,2.1,.457,.578,1.0,1.2,.850,0.8,1.5,2.2,0.1,0.2,0.4,0.4,1.5,5.4
2,Quincy Acy\acyqu01,PF,26,DAL,6,0,8.0,0.8,2.8,.294,0.2,1.2,.143,0.7,1.7,.400,.324,0.3,0.5,.667,0.3,1.0,1.3,0.0,0.0,0.0,0.3,1.5,2.2
2,Quincy Acy\acyqu01,PF,26,BRK,11,0,12.0,2.3,4.3,.532,1.2,2.0,.591,1.1,2.3,.480,.670,1.4,1.5,.882,1.0,1.7,2.7,0.2,0.3,0.6,0.5,1.5,7.1
3,Steven Adams\adamsst01,C,23,OKC,49,49,30.5,5.0,8.6,.587,0.0,0.0,.000,5.0,8.5,.590,.587,2.1,3.1,.695,3.1,4.6,7.8,1.1,1.1,1.1,2.0,2.4,12.2
4,Arron Afflalo\afflaar01,SG,31,SAC,43,28,25.3,2.8,6.5,.429,1.0,2.6,.396,1.8,3.9,.450,.507,1.2,1.4,.883,0.2,1.8,2.0,1.2,0.3,0.1,0.7,1.7,7.8
5,Alexis Ajinca\ajincal01,C,28,NOP,21,10,14.1,1.9,4.1,.465,0.0,0.1,.000,1.9,4.0,.482,.465,0.5,0.7,.714,1.0,3.3,4.3,0.3,0.4,0.7,0.8,1.7,4.3
6,Cole Aldrich\aldrico01,C,28,MIN,46,0,9.7,0.8,1.5,.521,0.0,0.0,,0.8,1.5,.521,.521,0.3,0.5,.667,1.0,2.0,3.0,0.5,0.5,0.5,0.3,1.6,1.9
7,LaMarcus Aldridge\aldrila01,PF,31,SAS,45,45,32.1,6.9,14.0,.491,0.4,0.8,.457,6.5,13.2,.493,.504,3.4,4.2,.816,2.2,5.0,7.2,2.2,0.6,1.1,1.4,2.3,17.5
8,Lavoy Allen\allenla01,PF,27,IND,38,1,13.0,0.9,2.3,.409,0.0,0.0,.000,0.9,2.3,.414,.409,0.3,0.4,.813,1.0,1.6,2.6,0.9,0.3,0.3,0.3,1.2,2.2
9,Tony Allen\allento01,SG,35,MEM,45,43,28.2,4.0,8.6,.462,0.2,0.7,.226,3.8,7.9,.483,.471,1.3,2.0,.630,2.4,3.2,5.6,1.2,1.8,0.4,1.5,2.6,9.4
10,Al-Farouq Aminu\aminual01,SF,26,POR,33,23,28.7,2.7,7.6,.360,1.0,3.5,.278,1.8,4.1,.430,.424,1.1,1.6,.712,1.1,6.0,7.1,2.2,1.0,0.7,1.5,1.8,7.5
11,Chris Andersen\anderch01,C,38,CLE,12,0,9.5,0.8,1.8,.409,0.0,0.3,.000,0.8,1.6,.474,.409,0.8,1.2,.714,0.8,1.8,2.6,0.4,0.4,0.6,0.4,1.7,2.3
12,Alan Anderson\anderal01,SF,34,LAC,19,0,11.4,1.1,3.2,.350,0.6,1.7,.344,0.5,1.5,.357,.442,0.4,0.5,.700,0.2,0.8,1.0,0.5,0.2,0.0,0.3,1.2,3.2
13,Justin Anderson\anderju01,SF,23,DAL,46,2,14.4,2.3,5.7,.404,0.8,2.5,.313,1.5,3.2,.476,.473,1.5,1.8,.798,0.8,2.3,3.1,0.6,0.6,0.3,0.8,1.3,6.8
14,Kyle Anderson\anderky01,SG,23,SAS,45,11,13.6,1.0,2.3,.423,0.2,0.5,.381,0.8,1.8,.434,.462,0.6,0.7,.875,0.4,2.2,2.6,1.2,0.7,0.4,0.6,0.8,2.8
15,Ryan Anderson\anderry01,PF,28,HOU,51,51,30.8,4.6,10.9,.423,2.8,6.9,.403,1.8,4.0,.458,.551,1.9,2.2,.858,1.6,3.5,5.1,0.9,0.5,0.2,0.9,2.1,13.9
16,Giannis Antetokounmpo\antetgi01,SG,22,MIL,49,49,35.2,8.5,16.1,.527,0.7,2.6,.280,7.8,13.6,.574,.549,5.5,7.0,.785,1.9,6.8,8.7,5.5,1.7,2.0,3.1,3.3,23.2
17,Carmelo Anthony\anthoca01,SF,32,NYK,51,51,33.7,8.3,19.1,.433,2.0,5.7,.356,6.2,13.4,.465,.486,4.3,5.2,.831,0.9,5.2,6.1,2.9,0.8,0.4,1.9,2.6,22.9
18,Joel Anthony\anthojo01,C,34,SAS,5,0,8.6,0.8,1.2,.667,0.0,0.0,,0.8,1.2,.667,.667,0.4,0.4,1.000,0.8,1.4,2.2,0.2,0.2,0.2,0.0,0.6,2.0
19,Trevor Ariza\arizatr01,SF,31,HOU,54,54,34.5,4.1,10.0,.411,2.5,7.1,.356,1.6,2.9,.544,.537,1.0,1.4,.720,0.6,4.8,5.5,2.2,1.9,0.2,0.9,1.6,11.7
20,Darrell Arthur\arthuda01,PF,28,DEN,25,5,15.6,2.6,5.4,.489,1.5,2.8,.529,1.2,2.6,.446,.626,0.4,0.4,.900,0.7,2.1,2.8,1.0,0.3,0.4,1.0,2.2,7.1
21,Omer Asik\asikom01,C,30,NOP,30,19,15.9,1.0,2.2,.477,0.0,0.0,,1.0,2.2,.477,.477,0.8,1.3,.590,1.6,3.8,5.4,0.5,0.2,0.3,0.4,1.6,2.8
22,D.J. Augustin\augusdj01,PG,29,ORL,52,20,20.6,2.8,7.1,.394,1.4,3.9,.360,1.4,3.2,.435,.492,1.6,2.0,.816,0.1,1.3,1.4,3.1,0.4,0.0,1.2,1.4,8.6
23,Luke Babbitt\babbilu01,SF,27,MIA,42,29,16.0,1.6,4.3,.383,1.1,2.9,.385,0.5,1.4,.379,.514,0.3,0.4,.733,0.2,2.0,2.2,0.5,0.4,0.2,0.4,1.6,4.7
24,Ron Baker\bakerro01,SG,23,NYK,25,3,11.6,1.2,3.3,.373,0.5,1.5,.324,0.8,1.8,.413,.446,0.4,0.7,.611,0.2,1.3,1.6,1.1,0.6,0.1,0.8,1.0,3.4
25,Wade Baldwin\baldwwa01,PG,20,MEM,24,1,12.9,1.1,3.5,.310,0.1,0.8,.111,1.0,2.8,.364,.321,1.1,1.3,.844,0.3,1.1,1.4,2.0,0.6,0.3,1.3,1.3,3.4
26,Leandro Barbosa\barbole01,SG,34,PHO,47,0,12.9,2.3,5.1,.458,0.5,1.1,.434,1.8,3.9,.465,.506,0.3,0.4,.833,0.2,1.2,1.4,1.2,0.4,0.1,0.5,1.1,5.4
27,J.J. Barea\bareajo01,PG,32,DAL,18,5,24.7,4.5,10.7,.422,1.4,4.1,.351,3.1,6.6,.466,.490,1.7,1.8,.939,0.3,2.6,2.9,4.9,0.5,0.1,1.7,0.7,12.2
28,Harrison Barnes\barneha02,PF,24,DAL,50,50,35.8,8.2,17.2,.473,1.0,3.0,.340,7.1,14.2,.501,.503,2.9,3.3,.862,1.3,4.1,5.4,1.5,0.9,0.2,1.3,1.6,20.2
29,Matt Barnes\barnema02,SF,36,SAC,48,13,24.7,2.6,7.0,.368,1.2,3.8,.319,1.4,3.2,.428,.455,0.8,1.1,.709,1.0,4.2,5.1,2.6,0.6,0.3,1.5,2.6,7.1
30,Will Barton\bartowi01,SG,26,DEN,36,17,28.1,4.6,10.3,.447,1.3,3.3,.395,3.3,6.9,.472,.511,2.4,3.3,.752,0.9,3.3,4.2,3.1,0.9,0.4,1.7,1.9,12.9
31,Brandon Bass\bassbr01,PF,31,LAC,34,0,12.2,2.2,3.7,.598,0.0,0.1,.500,2.2,3.7,.600,.602,1.4,1.5,.902,0.8,1.7,2.5,0.6,0.2,0.2,0.7,0.9,5.9
32,Nicolas Batum\batumni01,SG,28,CHO,48,48,34.5,4.9,12.2,.404,1.7,4.9,.350,3.2,7.3,.440,.474,3.2,3.8,.847,0.7,6.5,7.2,6.0,1.0,0.4,2.7,1.5,14.8
33,Jerryd Bayless\bayleje01,PG,28,PHI,3,1,23.7,3.7,10.7,.344,0.7,1.7,.400,3.0,9.0,.333,.375,3.0,3.3,.900,1.0,3.0,4.0,4.3,0.0,0.0,3.0,1.3,11.0
34,Aron Baynes\baynear01,C,30,DET,48,2,15.4,1.6,3.4,.488,0.0,0.0,,1.6,3.4,.488,.488,1.2,1.4,.864,1.2,2.7,3.9,0.3,0.3,0.4,0.7,2.3,4.5
35,Kent Bazemore\bazemke01,SF,27,ATL,49,46,27.4,4.1,10.3,.402,1.2,3.7,.331,2.9,6.6,.441,.461,1.5,2.1,.721,0.6,2.6,3.1,2.6,1.3,0.6,1.7,2.2,11.0
36,Bradley Beal\bealbr01,SG,23,WAS,46,46,34.3,7.7,16.5,.466,2.7,7.0,.389,4.9,9.4,.523,.549,3.7,4.5,.816,0.6,2.3,2.8,3.6,1.0,0.3,2.0,2.1,21.8
37,Malik Beasley\beaslma01,SG,20,DEN,14,0,5.4,1.1,2.7,.421,0.4,1.1,.375,0.7,1.6,.455,.500,0.4,0.6,.750,0.1,0.4,0.4,0.4,0.3,0.0,0.1,0.4,3.1
38,Michael Beasley\beaslmi01,SF,28,MIL,42,0,16.1,3.5,6.8,.512,0.3,0.8,.438,3.1,6.0,.522,.537,1.4,1.9,.734,0.7,2.8,3.5,1.0,0.5,0.5,1.2,1.6,8.7
39,Marco Belinelli\belinma01,SG,30,CHO,46,0,24.7,3.7,8.5,.441,1.5,4.0,.390,2.2,4.5,.486,.532,1.8,2.0,.883,0.2,2.3,2.5,1.9,0.7,0.1,0.9,1.3,10.8
40,DeAndre' Bembry\bembrde01,SF,22,ATL,21,0,9.7,1.2,2.6,.455,0.0,0.4,.000,1.2,2.2,.543,.455,0.3,0.7,.429,0.3,1.3,1.6,0.6,0.2,0.0,0.4,0.7,2.7
41,Dragan Bender\bendedr01,PF,19,PHO,38,0,12.7,1.2,3.3,.371,0.7,2.1,.321,0.5,1.1,.465,.476,0.1,0.2,.375,0.4,1.7,2.2,0.4,0.2,0.5,0.7,1.6,3.2
42,Anthony Bennett\bennean01,PF,23,BRK,23,1,11.5,1.7,4.0,.413,0.6,2.1,.271,1.1,1.9,.568,.484,1.1,1.6,.722,1.1,2.3,3.4,0.5,0.2,0.1,0.5,0.8,5.0
43,Davis Bertans\bertada01,PF,24,SAS,42,3,11.5,1.5,3.1,.462,0.9,2.3,.402,0.5,0.8,.629,.610,0.5,0.6,.808,0.3,1.1,1.4,0.8,0.3,0.5,0.4,1.1,4.3
44,Patrick Beverley\beverpa01,SG,28,HOU,40,40,31.1,3.4,8.1,.425,1.6,4.3,.382,1.8,3.8,.474,.526,0.7,0.9,.800,1.4,4.4,5.8,4.4,1.5,0.5,1.4,3.3,9.2
45,Bismack Biyombo\biyombi01,C,24,ORL,52,23,23.8,2.3,4.3,.527,0.0,0.0,,2.3,4.3,.527,.527,1.5,3.1,.475,1.9,5.4,7.3,1.0,0.3,1.3,1.2,2.4,6.0
46,Nemanja Bjelica\bjeline01,PF,28,MIN,49,1,17.2,2.1,5.2,.415,0.8,2.8,.296,1.3,2.4,.551,.494,0.7,1.0,.766,0.6,2.6,3.2,1.1,0.6,0.2,0.9,2.2,5.8
47,Tarik Black\blackta01,C,25,LAL,41,4,16.1,2.3,4.4,.517,0.0,0.0,.000,2.3,4.4,.520,.517,1.4,1.9,.722,2.3,3.1,5.4,0.6,0.4,0.5,0.8,2.7,5.9
48,Eric Bledsoe\bledser01,PG,27,PHO,51,51,33.4,7.1,15.9,.444,1.5,4.7,.328,5.5,11.2,.494,.493,5.8,6.8,.845,0.9,4.1,5.0,6.2,1.4,0.4,3.2,2.6,21.4
49,Bojan Bogdanovic\bogdabo02,SF,27,BRK,49,48,26.7,4.9,11.0,.443,1.8,4.9,.365,3.1,6.0,.507,.525,2.6,3.0,.865,0.4,3.0,3.4,1.6,0.4,0.1,1.6,1.8,14.1
50,Andrew Bogut\bogutan01,C,32,DAL,25,21,22.6,1.4,3.1,.468,0.0,0.0,.000,1.4,3.0,.474,.468,0.1,0.4,.273,2.1,6.3,8.4,1.9,0.5,1.0,1.6,3.2,3.0
51,Joel Bolomboy\bolomjo01,PF,23,UTA,9,0,2.2,0.3,0.6,.600,0.0,0.1,.000,0.3,0.4,.750,.600,0.2,0.4,.500,0.1,1.0,1.1,0.1,0.1,0.1,0.1,0.1,0.9
52,Devin Booker\bookede01,SG,20,PHO,50,50,34.8,7.5,17.8,.424,1.9,5.1,.373,5.6,12.7,.444,.477,4.2,5.1,.831,0.6,2.2,2.9,3.2,0.9,0.3,2.9,3.2,21.2
53,Trevor Booker\booketr01,PF,29,BRK,45,43,26.3,4.2,8.0,.519,0.3,1.1,.280,3.9,6.9,.558,.539,1.2,1.7,.679,2.1,6.4,8.5,2.2,1.3,0.5,1.8,2.2,9.8
54,Avery Bradley\bradlav01,SG,26,BOS,36,36,34.9,7.1,15.0,.475,2.1,5.2,.409,5.0,9.8,.510,.545,1.3,1.8,.762,1.1,5.8,6.9,2.4,1.3,0.2,1.8,2.7,17.7
55,Corey Brewer\breweco01,SF,30,HOU,54,8,15.4,1.6,3.9,.411,0.4,1.6,.233,1.2,2.3,.537,.459,0.5,0.8,.707,0.4,1.6,1.9,1.0,0.6,0.2,0.6,1.7,4.1
56,Malcolm Brogdon\brogdma01,SG,24,MIL,50,12,25.5,3.5,7.9,.438,1.0,2.3,.422,2.5,5.6,.445,.500,1.3,1.5,.865,0.6,2.2,2.8,4.2,1.2,0.1,1.6,1.8,9.2
57,Aaron Brooks\brookaa01,PG,32,IND,45,0,14.5,2.0,5.0,.408,0.7,2.2,.333,1.3,2.8,.468,.482,0.5,0.6,.786,0.3,0.8,1.1,2.2,0.5,0.2,1.1,1.4,5.3
58,Anthony Brown\brownan02,SF,24,TOT,11,0,14.5,1.6,4.5,.360,0.6,2.5,.259,1.0,2.1,.478,.430,0.0,0.0,,0.7,2.3,3.0,0.7,0.5,0.1,0.5,1.4,3.9
58,Anthony Brown\brownan02,SF,24,NOP,9,0,15.9,1.6,4.6,.341,0.7,2.7,.250,0.9,1.9,.471,.415,0.0,0.0,,0.7,2.2,2.9,0.7,0.6,0.1,0.6,1.4,3.8
58,Anthony Brown\brownan02,SF,24,ORL,2,0,8.0,2.0,4.5,.444,0.5,1.5,.333,1.5,3.0,.500,.500,0.0,0.0,,1.0,2.5,3.5,1.0,0.0,0.0,0.5,1.0,4.5
59,Bobby Brown\brownbo02,PG,32,HOU,15,0,2.9,0.5,1.8,.259,0.3,0.9,.286,0.2,0.9,.231,.333,0.0,0.0,,0.0,0.3,0.3,0.1,0.0,0.0,0.1,0.1,1.2
60,Jaylen Brown\brownja02,SF,20,BOS,49,9,14.8,2.0,4.7,.427,0.4,1.2,.300,1.7,3.5,.471,.466,1.1,1.5,.722,0.6,1.9,2.4,0.6,0.4,0.3,0.7,1.7,5.5
61,Nicolas Brussino\brussni01,SF,23,DAL,33,0,7.0,0.5,1.5,.347,0.3,1.0,.265,0.2,0.5,.533,.439,0.2,0.2,.857,0.3,0.9,1.2,0.7,0.3,0.1,0.3,0.6,1.5
62,Reggie Bullock\bullore01,SF,25,DET,13,3,15.9,2.2,4.8,.444,0.8,2.5,.313,1.4,2.4,.581,.524,0.2,0.3,.500,0.5,1.7,2.2,0.8,0.4,0.2,0.5,1.1,5.2
63,Trey Burke\burketr01,PG,24,WAS,46,0,12.4,2.0,4.5,.456,0.5,1.1,.423,1.6,3.3,.468,.510,0.3,0.5,.682,0.2,0.7,0.8,1.7,0.2,0.1,0.8,1.0,4.9
64,Alec Burks\burksal01,SG,25,UTA,15,0,13.1,2.3,5.0,.453,0.5,1.6,.292,1.8,3.4,.529,.500,1.6,2.5,.649,0.3,1.4,1.7,0.4,0.5,0.1,0.8,1.5,6.6
65,Jimmy Butler\butleji01,SF,27,CHI,48,47,36.6,7.6,16.6,.457,1.2,3.4,.348,6.4,13.2,.485,.492,8.2,9.5,.868,1.6,4.9,6.5,4.8,1.8,0.3,2.1,1.6,24.6
66,Bruno Caboclo\cabocbr01,SF,21,TOR,8,0,2.9,0.1,0.6,.200,0.1,0.4,.333,0.0,0.3,.000,.300,0.0,0.0,,0.4,0.4,0.8,0.4,0.3,0.0,0.3,0.4,0.4
67,Jose Calderon\caldejo01,PG,35,LAL,23,11,12.4,1.4,3.3,.416,0.5,1.5,.353,0.9,1.9,.465,.494,0.2,0.2,1.000,0.3,1.4,1.7,2.1,0.3,0.0,1.1,1.0,3.5
68,Kentavious Caldwell-Pope\caldwke01,SG,23,DET,46,46,33.8,5.1,12.2,.416,2.2,5.5,.395,2.9,6.7,.432,.504,2.0,2.5,.825,0.8,2.6,3.4,2.9,1.4,0.2,1.2,1.7,14.4
69,Isaiah Canaan\canaais01,SG,25,CHI,29,0,18.1,2.0,5.3,.377,0.8,2.9,.274,1.2,2.4,.500,.451,0.8,0.9,.889,0.2,1.3,1.6,1.1,0.7,0.0,0.7,1.1,5.6
70,Clint Capela\capelca01,C,22,HOU,39,34,23.4,5.4,8.4,.637,0.0,0.0,,5.4,8.4,.637,.637,1.2,2.5,.500,2.4,5.2,7.6,0.9,0.4,1.4,1.3,2.6,11.9
71,DeMarre Carroll\carrode01,SF,30,TOR,46,46,26.4,3.2,8.1,.398,1.6,4.7,.338,1.7,3.4,.481,.496,1.3,1.6,.787,0.9,2.9,3.7,0.8,1.2,0.4,0.7,2.0,9.3
72,Vince Carter\cartevi01,SG,40,MEM,46,0,24.2,2.7,6.9,.391,1.5,4.1,.364,1.2,2.8,.431,.498,1.3,1.8,.741,0.5,2.7,3.2,1.8,0.8,0.5,0.5,2.3,8.2
73,Michael Carter-Williams\cartemi01,PG,25,CHI,20,13,21.7,3.2,8.1,.389,0.4,1.8,.194,2.8,6.3,.444,.410,1.6,2.0,.775,0.8,3.9,4.7,2.5,0.8,0.4,1.7,2.7,8.2
74,Omri Casspi\casspom01,SF,28,SAC,22,2,18.0,2.4,5.3,.453,0.5,1.3,.379,1.9,4.0,.477,.500,0.5,1.0,.571,0.9,3.2,4.1,1.2,0.5,0.0,0.8,1.0,5.9
75,Willie Cauley-Stein\caulewi01,C,23,SAC,44,0,12.4,2.3,4.1,.567,0.0,0.0,.000,2.3,4.0,.573,.567,0.6,1.2,.549,0.9,1.6,2.5,0.4,0.5,0.5,0.5,1.8,5.3
76,Tyson Chandler\chandty01,C,34,PHO,42,41,28.4,3.4,4.9,.689,0.0,0.0,,3.4,4.9,.689,.689,1.9,2.6,.718,3.4,8.4,11.8,0.6,0.7,0.5,1.5,2.8,8.6
77,Wilson Chandler\chandwi01,SF,29,DEN,46,15,30.4,6.0,13.3,.447,1.5,4.3,.342,4.5,9.0,.498,.502,2.1,2.8,.738,1.5,5.1,6.7,2.1,0.8,0.4,1.7,2.3,15.5
78,Marquese Chriss\chrisma01,PF,19,PHO,51,44,18.3,2.9,6.8,.428,0.8,2.4,.317,2.2,4.4,.489,.484,1.1,1.7,.625,1.1,2.3,3.4,0.5,0.8,0.6,1.1,3.0,7.7
79,Rakeem Christmas\chrisra01,PF,25,IND,5,0,3.8,0.4,1.2,.333,0.0,0.0,,0.4,1.2,.333,.333,0.8,1.0,.800,0.4,0.6,1.0,0.2,0.2,0.4,0.0,0.4,1.6
80,Semaj Christon\chrisse01,PG,24,OKC,38,0,15.1,1.4,4.0,.342,0.2,1.1,.195,1.2,2.9,.396,.368,0.3,0.6,.524,0.3,1.1,1.4,2.4,0.4,0.1,0.7,1.3,3.2
81,Ian Clark\clarkia01,SG,25,GSW,46,0,14.1,2.5,5.2,.479,0.8,2.2,.390,1.7,3.0,.543,.560,0.7,0.9,.750,0.3,1.2,1.5,1.2,0.5,0.1,0.6,1.1,6.5
82,Jordan Clarkson\clarkjo01,SG,24,LAL,53,3,27.5,5.6,12.3,.454,1.3,3.8,.335,4.3,8.5,.507,.505,1.4,1.8,.792,0.7,2.1,2.8,2.1,1.2,0.1,1.8,1.8,13.8
83,Darren Collison\collida01,PG,29,SAC,43,39,30.0,4.9,10.3,.478,1.2,2.9,.415,3.7,7.4,.503,.536,2.0,2.4,.863,0.4,1.6,2.0,4.0,1.0,0.1,1.5,1.8,13.0
84,Nick Collison\collini01,PF,36,OKC,13,0,6.2,0.5,0.8,.600,0.0,0.0,,0.5,0.8,.600,.600,0.3,0.5,.571,0.3,0.8,1.1,0.6,0.1,0.1,0.2,0.7,1.2
85,Mike Conley\conlemi01,PG,29,MEM,41,40,32.5,6.3,14.4,.439,2.3,5.8,.397,4.0,8.6,.467,.519,4.2,4.9,.855,0.5,3.2,3.7,6.2,1.3,0.3,2.2,1.7,19.2
86,Pat Connaughton\connapa01,SG,24,POR,24,0,6.3,0.7,1.2,.571,0.2,0.4,.556,0.5,0.8,.579,.661,0.2,0.3,.667,0.2,0.6,0.8,0.5,0.1,0.1,0.1,0.3,1.7
87,DeMarcus Cousins\couside01,C,26,SAC,50,50,34.5,9.4,20.7,.453,1.7,4.7,.367,7.6,15.9,.478,.495,7.7,9.9,.777,2.1,8.5,10.6,4.7,1.4,1.4,3.6,3.7,28.1
88,Robert Covington\covinro01,SF,26,PHI,44,44,30.9,3.8,10.1,.381,1.9,6.0,.312,2.0,4.1,.483,.474,1.7,2.2,.800,1.4,4.7,6.1,1.6,1.8,0.9,2.0,3.0,11.3
89,Allen Crabbe\crabbal01,SG,24,POR,51,7,28.6,3.8,8.1,.466,1.6,3.5,.442,2.2,4.6,.485,.563,1.6,1.8,.870,0.3,2.6,2.8,1.3,0.6,0.2,0.8,2.1,10.7
90,Jamal Crawford\crawfja01,SG,36,LAC,50,1,26.8,4.4,11.1,.398,1.3,3.8,.330,3.1,7.2,.434,.455,1.9,2.2,.857,0.2,1.5,1.7,2.9,0.6,0.2,1.8,1.5,12.0
91,Jae Crowder\crowdja01,SF,26,BOS,42,42,32.5,4.9,10.0,.486,2.4,5.6,.426,2.5,4.5,.561,.604,2.1,2.4,.881,0.6,4.8,5.4,2.2,1.0,0.3,1.0,2.3,14.3
92,Dante Cunningham\cunnida01,SF,29,NOP,38,25,24.6,2.3,5.5,.428,1.1,2.8,.370,1.3,2.6,.490,.524,0.2,0.3,.583,0.8,3.3,4.1,0.6,0.5,0.5,0.4,1.6,5.9
93,Seth Curry\curryse01,PG,26,DAL,46,18,27.7,4.5,9.5,.468,1.8,4.3,.419,2.7,5.2,.508,.563,0.9,1.2,.782,0.4,2.1,2.5,2.7,1.2,0.1,1.2,1.8,11.7
94,Stephen Curry\curryst01,PG,28,GSW,50,50,33.7,8.6,18.0,.477,4.2,9.9,.423,4.4,8.0,.544,.594,4.3,4.6,.918,0.6,3.7,4.3,6.3,1.7,0.2,3.0,2.2,25.6
95,Troy Daniels\danietr01,SG,25,MEM,38,3,17.8,3.0,7.6,.392,2.1,5.2,.397,0.9,2.3,.382,.530,0.9,1.1,.825,0.2,1.0,1.2,0.7,0.4,0.1,0.6,1.4,8.9
96,Anthony Davis\davisan02,C,23,NOP,47,47,36.2,10.2,20.3,.501,0.5,1.6,.289,9.7,18.7,.519,.513,7.0,8.8,.795,2.4,9.9,12.2,2.2,1.3,2.4,2.6,2.3,27.8
97,Deyonta Davis\davisde01,C,20,MEM,25,0,7.3,0.8,1.6,.513,0.0,0.0,,0.8,1.6,.513,.513,0.3,0.6,.533,0.7,1.4,2.0,0.1,0.0,0.6,0.3,1.2,1.9
98,Ed Davis\davised01,PF,27,POR,42,11,17.0,1.5,2.9,.521,0.0,0.0,,1.5,2.9,.521,.521,1.1,1.6,.672,2.0,3.2,5.1,0.5,0.3,0.5,0.8,3.0,4.1
99,Dewayne Dedmon\dedmode01,C,27,SAS,44,6,15.9,2.0,3.3,.605,0.0,0.0,,2.0,3.3,.605,.605,1.0,1.3,.724,1.5,4.3,5.8,0.5,0.6,0.8,0.6,2.4,5.0
100,Sam Dekker\dekkesa01,SF,22,HOU,54,1,19.6,2.9,6.2,.472,0.9,2.7,.327,2.1,3.5,.584,.543,0.6,0.9,.588,1.4,2.6,4.0,1.1,0.6,0.3,0.7,1.2,7.3
101,Malcolm Delaney\delanma01,PG,27,ATL,51,0,17.7,2.2,5.7,.393,0.4,1.6,.259,1.8,4.1,.445,.429,1.0,1.3,.803,0.1,1.6,1.8,2.8,0.6,0.0,1.4,1.5,5.9
102,Matthew Dellavedova\dellama01,PG,26,MIL,45,38,26.7,2.8,7.1,.396,1.0,2.8,.354,1.8,4.3,.423,.466,1.1,1.3,.833,0.4,1.8,2.2,5.4,0.8,0.0,1.9,2.1,7.8
103,Luol Deng\denglu01,SF,31,LAL,49,49,27.3,3.1,7.9,.396,1.0,3.0,.329,2.1,4.9,.438,.459,0.8,1.1,.696,1.2,4.4,5.6,1.4,0.9,0.4,0.8,1.1,8.1
104,DeMar DeRozan\derozde01,SG,27,TOR,45,45,35.4,10.0,21.2,.470,0.4,1.4,.254,9.6,19.8,.485,.478,7.5,8.8,.851,1.0,4.4,5.4,3.9,1.2,0.2,2.4,1.9,27.8
105,Cheick Diallo\diallch01,PF,20,NOP,9,0,10.4,1.9,4.3,.436,0.0,0.0,,1.9,4.3,.436,.436,0.8,1.1,.700,1.3,2.2,3.6,0.3,0.3,0.3,0.2,1.0,4.6
106,Boris Diaw\diawbo01,PF,34,UTA,42,21,18.5,2.1,4.7,.444,0.4,1.3,.273,1.7,3.4,.510,.482,0.4,0.4,.833,0.5,1.5,2.0,2.2,0.2,0.0,1.3,1.3,4.9
107,Gorgui Dieng\dienggo01,PF,27,MIN,51,51,32.0,4.3,8.4,.516,0.1,0.4,.318,4.2,7.9,.527,.525,1.5,1.9,.773,2.3,5.5,7.8,2.0,0.9,1.2,1.4,3.2,10.2
108,Spencer Dinwiddie\dinwisp01,PG,23,BRK,27,11,21.1,2.1,5.0,.433,0.5,1.3,.382,1.7,3.7,.450,.481,1.7,2.1,.810,0.4,2.4,2.7,2.6,0.4,0.4,1.2,2.2,6.5
109,Toney Douglas\douglto01,PG,30,MEM,9,0,15.4,1.9,4.8,.395,0.3,1.4,.231,1.6,3.3,.467,.430,0.8,1.0,.778,0.2,2.4,2.7,2.1,0.8,0.1,0.9,1.8,4.9
110,Goran Dragic\dragigo01,PG,30,MIA,43,43,34.2,7.1,15.0,.474,1.6,3.8,.432,5.5,11.2,.489,.529,4.0,5.1,.776,0.7,3.2,4.0,6.4,1.0,0.2,3.1,2.8,19.8
111,Andre Drummond\drumman01,C,23,DET,50,50,30.7,6.3,11.8,.535,0.0,0.1,.400,6.3,11.7,.536,.537,1.9,4.4,.438,4.0,9.7,13.7,1.1,1.7,1.2,2.1,3.0,14.6
112,Jared Dudley\dudleja01,PF,31,PHO,34,7,21.1,2.6,5.3,.481,1.3,3.1,.423,1.3,2.3,.558,.602,0.7,1.1,.622,0.5,2.7,3.2,1.5,0.7,0.2,1.1,2.4,7.1
113,Mike Dunleavy\dunlemi02,SF,36,TOT,36,2,16.7,1.9,4.4,.424,1.0,2.7,.381,0.8,1.7,.492,.541,0.6,0.8,.767,0.3,1.9,2.3,1.0,0.3,0.1,0.7,1.4,5.4
113,Mike Dunleavy\dunlemi02,SF,36,CLE,23,2,15.9,1.6,3.9,.400,0.9,2.5,.351,0.7,1.4,.485,.511,0.6,0.8,.737,0.2,1.8,2.0,0.9,0.3,0.1,0.6,1.4,4.6
113,Mike Dunleavy\dunlemi02,SF,36,ATL,13,0,18.0,2.4,5.2,.456,1.3,3.1,.425,1.1,2.2,.500,.581,0.7,0.8,.818,0.5,2.2,2.7,1.2,0.4,0.2,0.8,1.3,6.8
114,Kris Dunn\dunnkr01,PG,22,MIN,49,6,17.0,1.5,3.9,.373,0.3,0.9,.283,1.2,3.0,.401,.407,0.6,1.0,.580,0.3,1.9,2.2,2.6,0.9,0.4,1.4,2.1,3.8
115,Kevin Durant\duranke01,SF,28,GSW,51,51,34.5,9.1,17.0,.537,1.9,5.2,.369,7.2,11.9,.610,.593,5.6,6.4,.875,0.6,7.7,8.4,4.8,1.1,1.7,2.3,1.9,25.8
116,Henry Ellenson\ellenhe01,PF,20,DET,14,0,4.0,0.6,1.6,.348,0.3,1.0,.286,0.3,0.6,.444,.435,0.1,0.1,1.000,0.1,0.7,0.9,0.3,0.0,0.0,0.4,0.2,1.5
117,Wayne Ellington\ellinwa01,SG,29,MIA,31,10,26.8,4.1,9.9,.415,2.1,6.3,.340,2.0,3.6,.545,.523,0.8,0.9,.897,0.2,1.7,2.0,1.4,0.8,0.1,0.4,1.3,11.2
118,Monta Ellis\ellismo01,SG,31,IND,42,23,27.0,2.9,6.9,.417,0.5,1.6,.288,2.4,5.3,.455,.450,1.6,2.0,.817,0.2,2.7,2.9,3.1,1.0,0.4,1.9,2.0,7.8
119,Joel Embiid\embiijo01,C,22,PHI,31,31,25.4,6.5,13.8,.466,1.2,3.2,.367,5.3,10.7,.495,.508,6.2,7.9,.783,2.0,5.9,7.8,2.1,0.9,2.5,3.8,3.6,20.2
120,James Ennis\ennisja01,SF,26,MEM,39,20,25.7,2.6,5.7,.462,1.0,2.4,.411,1.6,3.2,.500,.550,1.6,2.0,.785,1.4,3.0,4.4,1.1,0.8,0.3,1.1,3.0,7.8
121,Tyler Ennis\ennisty01,PG,22,HOU,29,0,6.4,0.9,2.2,.397,0.2,0.6,.375,0.7,1.6,.404,.444,0.1,0.1,.667,0.1,0.4,0.6,1.0,0.2,0.0,0.8,0.9,2.0
122,Tyreke Evans\evansty01,SG,27,NOP,22,0,18.1,3.7,9.1,.405,1.0,2.9,.328,2.7,6.2,.441,.458,1.8,2.2,.796,0.3,2.9,3.2,3.7,0.8,0.1,1.4,1.5,10.1
123,Dante Exum\exumda01,PG,21,UTA,36,16,18.8,2.2,5.5,.406,0.7,2.4,.276,1.6,3.1,.509,.467,0.8,0.9,.848,0.4,1.4,1.8,1.7,0.3,0.2,0.9,2.3,5.9
124,Kenneth Faried\farieke01,PF,27,DEN,46,26,22.6,3.8,6.7,.570,0.0,0.1,.000,3.8,6.6,.579,.570,2.5,3.6,.691,3.2,4.9,8.1,0.9,0.8,0.8,1.0,2.2,10.1
125,Jordan Farmar\farmajo01,PG,30,SAC,2,0,17.5,2.0,6.0,.333,2.0,4.5,.444,0.0,1.5,.000,.500,0.0,0.0,,0.5,1.0,1.5,4.5,1.0,0.0,1.5,0.5,6.0
126,Derrick Favors\favorde01,PF,25,UTA,34,26,22.9,3.7,8.1,.455,0.1,0.2,.333,3.6,8.0,.458,.458,1.6,2.5,.635,1.6,4.4,5.9,1.0,0.8,0.9,1.3,2.1,9.1
127,Kay Felder\feldeka01,PG,21,CLE,30,0,10.6,1.8,4.4,.412,0.2,0.7,.350,1.6,3.7,.423,.439,1.0,1.4,.698,0.1,1.0,1.1,1.6,0.4,0.2,0.7,1.1,4.8
128,Cristiano Felicio\feliccr01,C,24,CHI,43,0,15.1,1.8,3.2,.566,0.0,0.0,,1.8,3.2,.566,.566,1.0,1.6,.652,2.1,2.8,4.9,0.6,0.3,0.2,0.5,1.7,4.6
129,Raymond Felton\feltora01,PG,32,LAC,48,10,22.4,3.2,7.3,.440,0.8,2.1,.360,2.4,5.2,.472,.491,0.6,0.8,.795,0.5,2.3,2.8,2.5,0.8,0.4,1.1,1.8,7.8
130,Yogi Ferrell\ferreyo01,PG,23,TOT,14,4,21.5,3.0,7.4,.408,1.5,3.7,.404,1.5,3.6,.412,.510,1.4,1.9,.741,0.5,1.2,1.7,2.6,0.6,0.2,1.4,1.6,8.9
130,Yogi Ferrell\ferreyo01,PG,23,BRK,10,0,15.1,1.8,4.9,.367,0.8,2.7,.296,1.0,2.2,.455,.449,1.0,1.6,.625,0.4,0.8,1.2,1.7,0.2,0.2,1.4,1.1,5.4
130,Yogi Ferrell\ferreyo01,PG,23,DAL,4,4,37.5,6.0,13.5,.444,3.3,6.3,.520,2.8,7.3,.379,.565,2.5,2.8,.909,0.8,2.3,3.0,5.0,1.8,0.3,1.5,2.8,17.8
131,Dorian Finney-Smith\finnedo01,PF,23,DAL,49,29,21.7,1.6,4.0,.404,0.8,2.4,.328,0.8,1.6,.519,.503,0.7,0.9,.786,0.6,2.1,2.7,0.9,0.7,0.3,0.6,1.8,4.7
132,Bryn Forbes\forbebr01,SG,23,SAS,19,0,4.9,0.5,1.5,.357,0.2,0.7,.286,0.3,0.7,.429,.429,0.1,0.1,1.000,0.1,0.4,0.4,0.2,0.1,0.0,0.0,0.5,1.3
133,Evan Fournier\fournev01,SG,24,ORL,40,38,32.7,5.8,13.4,.436,1.7,4.7,.354,4.2,8.7,.480,.498,3.2,3.9,.832,0.7,2.5,3.2,3.3,1.0,0.1,2.2,2.7,16.6
134,Randy Foye\foyera01,SG,33,BRK,37,8,18.5,1.8,5.1,.354,1.1,3.2,.336,0.7,1.9,.386,.460,0.6,0.8,.786,0.2,2.3,2.4,2.1,0.4,0.2,1.4,1.4,5.3
135,Tim Frazier\fraziti01,PG,26,NOP,37,23,26.0,3.3,7.6,.429,0.8,2.2,.354,2.5,5.4,.460,.480,1.8,2.2,.805,0.5,2.5,3.0,6.1,1.0,0.2,2.0,2.3,9.1
136,Channing Frye\fryech01,C,33,CLE,42,3,18.5,3.2,7.3,.444,2.0,4.7,.424,1.2,2.6,.481,.582,0.9,1.0,.818,0.6,2.9,3.5,0.6,0.4,0.5,0.7,1.9,9.3
137,Danilo Gallinari\gallida01,SF,28,DEN,44,44,34.2,5.0,11.6,.432,1.8,4.8,.381,3.2,6.8,.468,.511,5.4,6.0,.887,0.5,4.4,4.9,2.2,0.7,0.3,1.4,1.5,17.2
138,Langston Galloway\gallola01,PG,25,NOP,49,0,20.8,3.1,8.4,.372,1.9,5.0,.371,1.3,3.4,.373,.483,0.8,1.0,.787,0.4,1.9,2.3,1.2,0.8,0.1,0.6,1.4,8.9
139,Marc Gasol\gasolma01,C,32,MEM,50,50,34.3,7.7,16.3,.475,1.5,3.7,.408,6.2,12.6,.494,.521,4.0,4.8,.837,0.8,5.2,6.0,4.2,1.0,1.5,2.1,2.4,21.0
140,Pau Gasol\gasolpa01,C,36,SAS,39,39,26.4,4.8,9.4,.510,0.5,1.1,.465,4.3,8.3,.516,.537,1.7,2.6,.644,1.5,6.4,7.9,2.7,0.4,1.2,1.3,1.7,11.7
141,Rudy Gay\gayru01,SF,30,SAC,30,30,33.8,6.7,14.7,.455,1.4,3.8,.372,5.3,11.0,.483,.502,3.9,4.6,.855,1.2,5.2,6.3,2.7,1.5,0.9,2.5,2.6,18.7
142,Michael Gbinije\gbinimi01,SG,24,DET,8,0,3.6,0.1,1.3,.100,0.0,0.5,.000,0.1,0.8,.167,.100,0.3,0.3,1.000,0.3,0.1,0.4,0.3,0.0,0.0,0.0,0.3,0.5
143,Alonzo Gee\geeal01,SF,29,DEN,13,0,6.8,0.2,1.1,.214,0.0,0.2,.000,0.2,0.8,.273,.214,0.4,0.7,.556,0.3,0.8,1.1,0.5,0.4,0.1,0.3,1.1,0.8
144,Paul George\georgpa01,SF,26,IND,43,43,35.6,7.9,17.3,.454,2.3,6.0,.385,5.6,11.4,.491,.521,4.5,4.9,.924,0.8,5.3,6.1,3.3,1.7,0.3,2.8,2.6,22.6
145,Jonathan Gibson\gibsojo01,PG,29,DAL,17,0,13.6,2.1,5.6,.368,0.9,2.6,.333,1.2,2.9,.400,.447,1.2,1.7,.724,0.1,1.2,1.3,1.5,0.5,0.0,1.2,1.2,6.2
146,Taj Gibson\gibsota01,PF,31,CHI,49,49,27.6,5.0,9.7,.518,0.0,0.2,.200,5.0,9.5,.525,.520,1.6,2.2,.706,2.3,4.8,7.1,1.1,0.6,1.0,1.4,2.2,11.7
147,Manu Ginobili\ginobma01,SG,39,SAS,43,0,18.8,2.6,6.7,.387,1.4,3.4,.418,1.2,3.3,.355,.493,1.6,1.9,.817,0.3,2.1,2.4,2.5,1.2,0.3,1.4,1.7,8.1
148,Rudy Gobert\goberru01,C,24,UTA,51,51,33.7,4.5,6.9,.655,0.0,0.0,.000,4.5,6.9,.657,.655,3.9,6.0,.657,3.8,8.8,12.6,0.9,0.7,2.5,1.8,3.0,13.0
149,Archie Goodwin\goodwar01,SG,22,NOP,3,0,10.0,0.7,1.7,.400,0.3,0.7,.500,0.3,1.0,.333,.500,3.3,3.3,1.000,0.0,0.0,0.0,0.3,0.0,0.3,0.0,0.3,5.0
150,Aaron Gordon\gordoaa01,SF,21,ORL,53,45,27.7,4.4,10.2,.427,1.0,3.5,.296,3.3,6.7,.496,.478,1.5,2.4,.641,1.3,3.3,4.6,1.9,0.7,0.4,1.0,2.1,11.3
151,Eric Gordon\gordoer01,SG,28,HOU,50,8,30.5,6.0,14.2,.420,3.5,9.2,.385,2.4,5.0,.484,.544,1.9,2.2,.838,0.3,2.4,2.7,2.8,0.6,0.5,1.8,2.1,17.3
152,Marcin Gortat\gortama01,C,32,WAS,50,50,34.5,5.2,8.7,.601,0.0,0.0,.000,5.2,8.7,.603,.601,1.3,2.0,.657,3.2,8.4,11.5,1.6,0.6,1.0,1.6,3.0,11.8
153,Treveon Graham\grahatr01,SG,23,CHO,17,1,5.9,0.4,0.9,.438,0.3,0.4,.714,0.1,0.5,.222,.594,0.4,0.6,.700,0.1,0.6,0.8,0.3,0.1,0.0,0.1,0.8,1.5
154,Jerami Grant\grantje01,SF,22,TOT,50,4,21.3,2.1,4.5,.469,0.6,1.5,.384,1.6,3.1,.510,.531,1.2,2.0,.614,0.3,2.3,2.7,0.5,0.4,1.1,0.6,2.0,6.0
154,Jerami Grant\grantje01,SF,22,PHI,2,0,20.5,3.0,8.5,.353,0.0,1.0,.000,3.0,7.5,.400,.353,2.0,4.0,.500,0.0,3.5,3.5,0.0,0.0,2.0,1.5,2.5,8.0
154,Jerami Grant\grantje01,SF,22,OKC,48,4,21.3,2.1,4.4,.478,0.6,1.5,.394,1.5,2.9,.522,.545,1.2,1.9,.624,0.4,2.3,2.6,0.5,0.4,1.0,0.5,2.0,6.0
155,Jerian Grant\grantje02,PG,24,CHI,40,11,15.4,1.9,4.6,.400,0.6,1.8,.333,1.3,2.8,.442,.465,1.1,1.2,.936,0.2,1.2,1.5,1.5,0.7,0.1,0.8,1.6,5.4
156,Danny Green\greenda02,SG,29,SAS,42,42,26.4,2.7,6.3,.424,1.9,4.6,.402,0.8,1.7,.486,.572,0.3,0.4,.813,0.3,2.8,3.0,1.9,1.0,0.8,1.0,1.8,7.5
157,Draymond Green\greendr01,PF,26,GSW,48,48,33.3,3.8,8.6,.437,1.1,3.5,.315,2.7,5.1,.520,.501,1.8,2.8,.657,1.5,6.9,8.4,7.4,1.9,1.5,2.4,3.0,10.5
158,Gerald Green\greenge01,SG,31,BOS,29,0,10.9,1.8,4.9,.369,0.8,2.3,.333,1.0,2.6,.400,.447,0.7,0.8,.864,0.4,1.6,2.0,0.8,0.2,0.2,0.4,1.1,5.0
159,JaMychal Green\greenja01,PF,26,MEM,51,51,29.0,3.3,6.8,.476,0.7,2.0,.376,2.5,4.9,.516,.530,1.9,2.4,.793,2.2,5.1,7.3,1.2,0.7,0.6,1.2,3.5,9.1
160,Jeff Green\greenje02,SF,30,ORL,52,10,23.3,3.2,8.3,.391,0.9,3.0,.292,2.4,5.3,.446,.443,2.2,2.6,.857,0.6,2.4,3.0,1.2,0.5,0.2,1.2,1.3,9.5
161,Blake Griffin\griffbl01,PF,27,LAC,30,30,33.0,7.9,16.2,.489,0.2,0.8,.217,7.8,15.5,.502,.494,5.4,7.2,.753,2.1,6.6,8.7,4.6,1.1,0.5,2.5,2.6,21.4
162,Justin Hamilton\hamilju01,C,26,BRK,43,6,19.8,2.8,6.1,.455,1.0,3.1,.308,1.8,3.0,.603,.532,0.5,0.6,.741,1.2,3.3,4.5,0.8,0.5,0.7,0.7,1.5,7.0
163,A.J. Hammons\hammoaj01,C,24,DAL,17,0,4.5,0.5,1.3,.409,0.2,0.4,.667,0.3,0.9,.313,.500,0.1,0.6,.200,0.3,0.9,1.2,0.1,0.0,0.4,0.2,0.6,1.4
164,Tim Hardaway\hardati02,SG,24,ATL,49,10,24.1,4.7,10.4,.445,1.7,5.0,.348,2.9,5.5,.534,.528,1.5,2.2,.689,0.3,2.1,2.4,2.0,0.6,0.2,1.1,1.2,12.5
165,James Harden\hardeja01,PG,27,HOU,54,54,36.6,8.3,18.8,.442,3.1,8.9,.346,5.2,9.9,.530,.525,9.2,10.7,.855,1.2,7.1,8.2,11.4,1.5,0.5,5.8,2.7,28.9
166,Maurice Harkless\harklma01,SF,23,POR,47,42,29.4,4.4,9.1,.484,1.1,3.2,.333,3.3,5.9,.565,.542,0.9,1.4,.688,1.6,3.0,4.6,1.0,1.1,0.9,1.2,2.8,10.8
167,Montrezl Harrell\harremo01,PF,23,HOU,43,14,19.4,4.1,6.3,.651,0.0,0.1,.333,4.0,6.2,.654,.652,1.3,2.1,.637,1.5,2.4,3.9,1.2,0.4,0.8,0.9,2.0,9.5
168,Devin Harris\harride01,PG,33,DAL,33,0,16.1,1.8,4.7,.377,0.9,2.7,.330,0.9,2.0,.439,.471,1.4,1.6,.887,0.2,1.6,1.8,1.7,0.6,0.1,0.7,1.5,5.8
169,Gary Harris\harriga01,SG,22,DEN,26,25,27.4,4.8,10.0,.477,1.3,3.4,.393,3.4,6.6,.520,.544,1.7,2.3,.746,0.8,2.3,3.1,2.8,1.1,0.2,1.2,1.7,12.6
170,Joe Harris\harrijo01,SG,25,BRK,42,10,22.3,3.1,7.2,.432,1.6,4.3,.370,1.5,2.9,.525,.543,0.7,1.0,.756,0.3,2.6,2.9,1.1,0.6,0.1,1.0,2.3,8.6
171,Tobias Harris\harrito02,PF,24,DET,51,38,32.2,6.5,13.3,.486,1.3,4.0,.335,5.1,9.3,.551,.536,2.3,2.5,.891,0.5,4.6,5.1,1.7,0.7,0.5,1.3,1.6,16.5
172,Aaron Harrison\harriaa01,SG,22,CHO,5,0,3.4,0.0,0.8,.000,0.0,0.4,.000,0.0,0.4,.000,.000,0.2,0.4,.500,0.0,0.6,0.6,0.6,0.0,0.0,0.0,0.4,0.2
173,Andrew Harrison\harrian01,SG,22,MEM,50,15,23.1,1.8,5.6,.317,0.6,2.4,.262,1.1,3.2,.358,.374,2.3,3.0,.763,0.4,1.6,2.0,3.1,0.9,0.4,1.3,3.1,6.5
174,Udonis Haslem\hasleud01,C,36,MIA,16,0,8.1,0.7,1.4,.500,0.0,0.1,.000,0.7,1.3,.550,.500,0.6,0.9,.600,0.5,1.7,2.2,0.4,0.3,0.1,0.5,1.3,1.9
175,Spencer Hawes\hawessp01,PF,28,CHO,35,1,17.9,3.0,6.2,.477,0.5,1.6,.291,2.5,4.7,.540,.514,0.9,1.0,.882,0.9,3.3,4.2,1.8,0.4,0.7,1.1,1.7,7.3
176,Gordon Hayward\haywago01,SF,26,UTA,44,44,34.8,7.0,15.2,.464,1.9,4.9,.392,5.1,10.3,.499,.528,6.0,6.9,.871,0.6,5.1,5.7,3.5,1.0,0.3,2.0,1.6,22.0
177,Gerald Henderson\hendege02,SG,29,PHI,45,30,24.0,3.6,7.7,.464,0.9,2.1,.406,2.7,5.6,.486,.520,1.7,2.0,.835,0.4,2.1,2.5,1.8,0.6,0.2,0.9,1.8,9.7
178,John Henson\hensojo01,C,26,MIL,44,36,20.2,2.8,5.5,.510,0.0,0.0,.000,2.8,5.5,.512,.510,1.5,2.1,.713,1.5,3.8,5.2,1.1,0.5,1.3,1.0,2.6,7.2
179,Juan Hernangomez\hernaju01,PF,21,DEN,34,2,10.9,1.1,2.5,.459,0.5,1.1,.421,0.7,1.4,.489,.553,0.8,1.1,.684,0.6,1.9,2.5,0.4,0.3,0.3,0.3,0.9,3.5
180,Willy Hernangomez\hernawi01,C,22,NYK,44,1,14.9,2.6,4.9,.542,0.1,0.3,.273,2.6,4.6,.557,.549,1.0,1.4,.700,1.9,3.7,5.6,1.0,0.3,0.5,1.2,1.5,6.3
181,Mario Hezonja\hezonma01,SF,21,ORL,36,0,9.9,1.3,3.8,.346,0.5,1.8,.292,0.8,2.0,.394,.415,0.4,0.5,.765,0.3,1.3,1.6,0.6,0.3,0.2,0.8,0.9,3.5
182,Roy Hibbert\hibbero01,C,30,CHO,42,13,16.0,1.9,3.4,.542,0.0,0.0,,1.9,3.4,.542,.542,1.5,1.8,.813,1.3,2.4,3.6,0.5,0.2,1.0,0.7,2.3,5.2
183,Buddy Hield\hieldbu01,SG,23,NOP,51,31,20.3,3.2,8.4,.384,1.5,4.2,.361,1.7,4.2,.407,.474,0.5,0.6,.897,0.4,2.6,2.9,1.3,0.3,0.1,0.9,1.4,8.5
184,Nene Hilario\hilarne01,C,34,HOU,45,6,17.1,3.2,5.2,.614,0.1,0.1,.500,3.1,5.0,.617,.620,1.7,2.9,.588,1.2,2.5,3.7,0.9,0.8,0.6,1.2,2.4,8.1
185,George Hill\hillge01,PG,30,UTA,27,27,31.8,6.1,12.8,.481,2.0,4.8,.411,4.2,8.0,.523,.558,3.3,4.0,.807,0.6,3.0,3.6,4.0,1.0,0.3,1.5,2.4,17.5
186,Jordan Hill\hilljo01,C,29,MIN,5,0,8.0,0.8,2.2,.364,0.0,0.0,,0.8,2.2,.364,.364,0.4,0.4,1.000,1.4,1.2,2.6,0.0,0.2,0.0,0.6,1.8,2.0
187,Solomon Hill\hillso01,SF,25,NOP,49,40,27.9,2.1,5.4,.383,1.0,3.0,.352,1.0,2.5,.421,.479,1.1,1.3,.788,0.5,3.2,3.8,1.7,0.9,0.4,0.9,2.3,6.3
188,Darrun Hilliard\hillida01,SG,23,DET,26,1,11.1,1.2,3.7,.326,0.3,1.3,.257,0.8,2.3,.367,.374,0.7,0.9,.708,0.1,1.0,1.0,0.9,0.3,0.0,0.8,1.2,3.4
189,Jrue Holiday\holidjr01,PG,26,NOP,36,30,31.8,6.1,13.4,.452,1.6,3.9,.394,4.5,9.4,.476,.510,1.9,2.8,.700,0.6,3.0,3.7,7.4,1.5,0.6,2.8,2.4,15.6
190,Justin Holiday\holidju01,SG,27,NYK,52,2,19.7,2.6,6.3,.414,1.1,3.3,.349,1.5,3.0,.484,.505,1.0,1.2,.855,0.4,2.6,3.0,1.2,0.9,0.3,0.8,1.5,7.3
191,Rondae Hollis-Jefferson\holliro01,SF,22,BRK,46,18,21.6,2.6,6.4,.408,0.2,0.9,.214,2.4,5.5,.440,.423,2.5,3.2,.776,0.8,4.1,4.9,2.0,1.0,0.5,1.5,2.3,7.9
192,Richaun Holmes\holmeri01,C,23,PHI,28,2,16.1,2.8,5.4,.520,0.3,0.8,.364,2.5,4.6,.546,.546,1.0,1.5,.651,1.4,2.9,4.3,0.8,0.6,0.8,0.9,2.0,6.9
193,Rodney Hood\hoodro01,SG,24,UTA,40,40,28.6,5.1,12.1,.420,2.1,5.6,.366,3.0,6.5,.467,.505,1.5,1.9,.753,0.3,3.3,3.6,1.9,0.6,0.2,1.2,2.3,13.7
194,Al Horford\horfoal01,C,30,BOS,38,38,33.1,6.0,13.1,.460,1.5,4.4,.341,4.5,8.7,.520,.517,1.7,2.1,.808,1.4,5.1,6.6,5.2,0.7,1.7,1.6,2.2,15.2
195,Danuel House\houseda01,SG,23,WAS,1,0,1.0,0.0,0.0,,0.0,0.0,,0.0,0.0,,,0.0,0.0,,0.0,1.0,1.0,0.0,0.0,0.0,0.0,0.0,0.0
196,Dwight Howard\howardw01,C,31,ATL,46,46,29.5,5.4,8.4,.644,0.0,0.0,,5.4,8.4,.644,.644,3.0,5.3,.561,4.3,8.7,13.0,1.3,0.9,1.2,2.2,2.9,13.8
197,Marcelo Huertas\huertma01,PG,33,LAL,21,1,10.3,1.0,2.7,.375,0.1,0.7,.200,0.9,2.0,.439,.402,0.4,0.8,.500,0.0,1.0,1.0,2.3,0.5,0.1,0.9,0.7,2.5
198,Josh Huestis\huestjo01,PF,25,OKC,1,0,7.0,3.0,4.0,.750,1.0,2.0,.500,2.0,2.0,1.000,.875,0.0,0.0,,2.0,2.0,4.0,1.0,0.0,1.0,0.0,0.0,7.0
199,Kris Humphries\humphkr01,PF,31,ATL,41,1,11.8,1.6,3.7,.428,0.3,0.9,.351,1.3,2.8,.452,.470,1.2,1.4,.828,1.1,2.3,3.4,0.5,0.3,0.4,0.6,1.2,4.7
200,R.J. Hunter\hunterj01,SG,23,CHI,3,0,3.0,0.0,0.3,.000,0.0,0.3,.000,0.0,0.0,,.000,0.0,0.0,,0.0,0.3,0.3,0.0,0.0,0.0,0.0,0.0,0.0
201,Serge Ibaka\ibakase01,PF,27,ORL,52,52,30.4,6.0,12.5,.482,1.5,3.9,.382,4.5,8.6,.527,.542,1.4,1.7,.839,1.8,5.2,6.9,1.1,0.6,1.6,1.2,2.5,14.9
202,Andre Iguodala\iguodan01,SF,33,GSW,49,0,25.8,2.4,4.9,.485,0.8,2.2,.361,1.6,2.7,.588,.567,0.5,0.8,.658,0.7,3.2,3.9,3.4,0.9,0.3,0.7,1.3,6.0
203,Ersan Ilyasova\ilyaser01,PF,29,TOT,50,34,27.6,5.5,12.0,.454,2.1,5.6,.375,3.4,6.4,.523,.542,2.0,2.5,.790,1.3,4.8,6.1,1.7,0.6,0.3,1.5,2.4,15.0
203,Ersan Ilyasova\ilyaser01,PF,29,OKC,3,0,20.7,2.0,5.3,.375,1.0,4.0,.250,1.0,1.3,.750,.469,0.0,0.0,,0.7,4.7,5.3,0.3,1.0,0.3,1.3,1.7,5.0
203,Ersan Ilyasova\ilyaser01,PF,29,PHI,47,34,28.0,5.7,12.4,.456,2.2,5.7,.381,3.5,6.7,.521,.544,2.1,2.6,.790,1.4,4.8,6.2,1.8,0.6,0.3,1.5,2.4,15.6
204,Joe Ingles\inglejo01,SF,29,UTA,51,9,21.2,2.2,4.7,.463,1.3,2.9,.432,0.9,1.8,.511,.596,0.7,0.8,.791,0.2,2.5,2.7,2.3,1.1,0.1,1.1,1.9,6.3
205,Brandon Ingram\ingrabr01,SF,19,LAL,53,14,27.7,2.8,7.7,.359,0.7,2.3,.287,2.1,5.4,.390,.402,1.8,2.6,.679,0.7,3.4,4.1,1.9,0.5,0.5,1.3,1.9,8.0
206,Kyrie Irving\irvinky01,PG,24,CLE,43,43,35.0,9.0,19.3,.466,2.4,6.0,.395,6.6,13.3,.497,.527,3.9,4.3,.892,0.8,2.6,3.4,5.9,1.2,0.2,2.7,2.0,24.2
207,Demetrius Jackson\jacksde01,PG,22,BOS,4,0,4.3,0.8,1.0,.750,0.3,0.3,1.000,0.5,0.8,.667,.875,0.8,1.5,.500,0.5,0.5,1.0,0.8,0.0,0.0,0.0,0.0,2.5
208,Pierre Jackson\jackspi01,PG,25,DAL,8,1,10.5,1.6,4.9,.333,0.4,1.4,.273,1.3,3.5,.357,.372,0.8,0.9,.857,0.1,1.0,1.1,2.4,0.3,0.0,0.4,0.6,4.4
209,Reggie Jackson\jacksre01,PG,26,DET,30,30,28.9,6.0,14.1,.428,1.4,3.8,.363,4.7,10.3,.452,.476,2.6,3.0,.857,0.5,2.0,2.4,5.5,0.7,0.1,2.5,2.8,16.0
210,LeBron James\jamesle01,SF,32,CLE,46,46,37.5,9.6,18.1,.529,1.7,4.6,.360,7.9,13.5,.586,.574,5.0,7.2,.694,1.3,6.7,8.0,8.6,1.4,0.5,4.2,1.6,25.8
211,Al Jefferson\jeffeal01,C,32,IND,50,1,14.9,3.8,7.5,.504,0.0,0.0,.000,3.8,7.5,.505,.504,1.2,1.5,.779,1.2,3.0,4.2,0.9,0.3,0.3,0.5,1.9,8.8
212,Richard Jefferson\jefferi01,SF,36,CLE,48,6,19.9,1.9,4.4,.422,0.7,2.3,.304,1.1,2.1,.556,.502,0.9,1.2,.724,0.4,2.0,2.4,0.9,0.3,0.1,0.7,1.9,5.3
213,John Jenkins\jenkijo01,SG,25,PHO,4,0,3.3,0.5,1.3,.400,0.3,0.5,.500,0.3,0.8,.333,.500,0.5,0.5,1.000,0.0,0.3,0.3,0.3,0.0,0.0,0.0,0.0,1.8
214,Brandon Jennings\jennibr01,PG,27,NYK,52,10,25.0,2.9,7.6,.383,1.2,3.6,.344,1.7,4.0,.418,.464,1.8,2.4,.756,0.4,2.3,2.7,5.0,1.0,0.1,1.9,1.4,8.8
215,Jonas Jerebko\jerebjo01,PF,29,BOS,49,5,17.3,1.8,3.8,.465,0.7,1.8,.367,1.1,1.9,.558,.554,0.3,0.4,.810,0.9,2.7,3.5,1.0,0.5,0.3,0.6,1.7,4.5
216,Amir Johnson\johnsam01,PF,29,BOS,49,46,19.8,2.5,4.6,.556,0.3,0.8,.378,2.2,3.8,.591,.587,0.9,1.3,.677,1.6,2.9,4.5,1.7,0.5,0.7,0.8,2.7,6.2
217,James Johnson\johnsja01,PF,29,MIA,46,0,25.9,4.3,9.1,.477,1.2,3.3,.357,3.2,5.8,.547,.543,1.7,2.4,.706,0.9,4.0,4.9,3.3,0.9,1.0,2.1,2.6,11.6
218,Joe Johnson\johnsjo02,SF,35,UTA,50,8,22.4,3.2,7.4,.439,1.2,3.0,.392,2.1,4.4,.471,.518,0.7,0.9,.818,0.4,2.6,3.0,1.6,0.3,0.2,0.8,1.1,8.4
219,Stanley Johnson\johnsst04,SF,20,DET,47,0,16.5,1.6,4.0,.398,0.5,1.5,.314,1.1,2.5,.448,.457,0.4,0.7,.618,0.4,1.8,2.3,1.3,0.7,0.4,0.7,1.5,4.1
220,Tyler Johnson\johnsty01,PG,24,MIA,43,0,30.8,5.0,11.6,.428,1.3,3.5,.368,3.7,8.1,.454,.484,2.7,3.6,.745,0.6,3.7,4.3,3.2,1.2,0.7,1.0,2.4,13.9
221,Wesley Johnson\johnswe01,SF,29,LAC,43,3,13.5,1.2,3.3,.359,0.5,1.9,.272,0.7,1.4,.475,.437,0.2,0.3,.667,0.5,2.8,3.3,0.5,0.5,0.5,0.3,1.5,3.1
222,Nikola Jokic\jokicni01,C,21,DEN,43,29,26.0,6.3,10.6,.590,0.6,1.7,.338,5.7,9.0,.636,.616,2.4,3.0,.820,2.9,5.6,8.4,4.1,0.7,0.8,2.0,3.0,15.5
223,Damian Jones\jonesda03,C,21,GSW,3,0,7.0,0.3,0.7,.500,0.0,0.0,,0.3,0.7,.500,.500,0.7,0.7,1.000,0.3,0.7,1.0,0.0,0.3,0.3,1.3,1.7,1.3
224,Derrick Jones\jonesde02,SF,19,PHO,4,0,3.5,0.3,0.3,1.000,0.0,0.0,,0.3,0.3,1.000,1.000,0.3,0.3,1.000,0.0,0.0,0.0,0.0,0.0,0.3,0.0,0.3,0.8
225,James Jones\jonesja02,SF,36,CLE,30,1,7.5,0.9,1.8,.519,0.7,1.3,.564,0.2,0.5,.400,.722,0.3,0.5,.643,0.1,0.6,0.7,0.2,0.1,0.2,0.2,0.7,2.9
226,Terrence Jones\joneste01,PF,25,NOP,49,10,24.6,4.5,9.5,.474,0.4,1.5,.260,4.1,8.0,.514,.495,2.0,3.4,.600,1.3,4.6,5.8,1.2,0.7,1.1,0.9,1.2,11.4
227,Tyus Jones\jonesty01,PG,20,MIN,30,0,10.5,1.1,2.5,.427,0.5,1.1,.441,0.6,1.4,.415,.527,0.6,0.7,.864,0.2,0.8,1.0,2.1,0.6,0.1,0.7,0.8,3.3
228,DeAndre Jordan\jordade01,C,28,LAC,50,50,31.5,4.8,6.8,.698,0.0,0.0,.000,4.8,6.8,.700,.698,2.7,5.3,.508,3.5,10.1,13.6,1.2,0.6,1.8,1.6,2.7,12.2
229,Cory Joseph\josepco01,SG,25,TOR,50,1,22.6,3.4,7.7,.445,0.5,1.2,.387,2.9,6.4,.457,.477,1.3,1.6,.790,0.6,2.1,2.6,2.8,0.8,0.1,1.0,1.7,8.6
230,Frank Kaminsky\kaminfr01,C,23,CHO,49,7,24.2,3.8,9.7,.394,1.3,4.2,.307,2.5,5.5,.459,.460,1.3,1.8,.767,0.8,3.5,4.3,2.0,0.7,0.4,1.0,1.6,10.3
231,Enes Kanter\kanteen01,C,24,OKC,47,0,21.6,5.6,10.0,.563,0.1,0.7,.161,5.5,9.4,.591,.568,3.0,3.8,.789,2.6,4.1,6.7,1.0,0.4,0.7,1.6,2.2,14.4
232,Ryan Kelly\kellyry01,PF,25,ATL,9,0,5.2,0.3,1.1,.300,0.2,0.6,.400,0.1,0.6,.200,.400,0.2,0.2,1.000,0.0,1.1,1.1,0.6,0.4,0.2,0.2,0.3,1.1
233,Michael Kidd-Gilchrist\kiddgmi01,SF,23,CHO,50,50,29.5,3.5,7.8,.453,0.0,0.2,.125,3.5,7.7,.460,.454,2.0,2.6,.758,2.0,5.4,7.4,1.3,0.8,1.0,0.7,2.2,9.1
234,Sean Kilpatrick\kilpase01,SG,27,BRK,49,24,26.6,4.7,11.2,.420,1.5,4.4,.344,3.2,6.8,.468,.487,3.0,3.6,.841,0.3,3.8,4.1,2.4,0.7,0.1,2.3,1.9,13.9
235,Brandon Knight\knighbr03,SG,25,PHO,48,4,21.1,3.9,9.8,.395,0.9,2.6,.333,3.0,7.3,.417,.438,2.6,3.0,.860,0.5,1.8,2.3,2.3,0.5,0.1,1.6,1.6,11.2
236,Kyle Korver\korveky01,SG,35,TOT,45,21,27.0,3.3,7.6,.440,2.1,5.0,.413,1.3,2.6,.491,.576,0.6,0.7,.879,0.1,2.6,2.8,1.9,0.6,0.3,1.1,1.4,9.4
236,Kyle Korver\korveky01,SG,35,ATL,32,21,27.9,3.4,7.7,.441,2.0,5.0,.409,1.3,2.7,.500,.573,0.8,0.8,.889,0.0,2.8,2.8,2.3,0.7,0.4,1.3,1.5,9.5
236,Kyle Korver\korveky01,SG,35,CLE,13,0,24.8,3.2,7.4,.438,2.2,5.1,.424,1.1,2.3,.467,.583,0.4,0.5,.833,0.4,2.3,2.7,0.8,0.3,0.2,0.6,1.3,9.0
237,Kosta Koufos\koufoko01,C,27,SAC,51,42,19.1,2.9,4.8,.598,0.0,0.0,.000,2.9,4.8,.601,.598,0.5,1.0,.551,1.6,3.8,5.4,0.5,0.5,0.6,0.8,2.3,6.3
238,Mindaugas Kuzminskas\kuzmimi01,SF,27,NYK,45,3,14.4,2.2,5.2,.428,0.8,2.5,.333,1.4,2.7,.516,.508,0.8,1.0,.791,0.7,1.3,2.0,1.0,0.6,0.2,0.7,1.1,6.1
239,Skal Labissiere\labissk01,PF,20,SAC,6,0,7.0,1.0,1.8,.545,0.0,0.0,,1.0,1.8,.545,.545,1.0,1.5,.667,1.2,0.8,2.0,0.0,0.3,0.0,0.3,0.0,3.0
240,Jeremy Lamb\lambje01,SG,24,CHO,31,3,17.5,3.3,7.7,.433,0.5,2.3,.222,2.8,5.4,.524,.466,1.9,2.3,.817,0.5,4.2,4.7,1.2,0.3,0.4,0.6,1.4,9.0
241,Nicolas Laprovittola\laproni01,PG,27,SAS,18,3,9.7,1.1,2.6,.426,0.6,1.5,.370,0.6,1.1,.500,.532,0.5,0.5,1.000,0.1,0.5,0.6,1.6,0.2,0.1,1.1,1.1,3.3
242,Joffrey Lauvergne\lauvejo01,C,25,OKC,44,0,14.2,2.1,4.7,.444,0.5,1.6,.348,1.5,3.1,.493,.502,0.7,1.1,.600,0.9,2.6,3.5,0.9,0.3,0.1,0.7,1.4,5.4
243,Zach LaVine\lavinza01,SG,21,MIN,47,47,37.2,6.9,15.1,.459,2.6,6.6,.387,4.4,8.5,.515,.544,2.5,3.0,.836,0.4,3.0,3.4,3.0,0.9,0.2,1.8,2.2,18.9
244,Ty Lawson\lawsoty01,PG,29,SAC,49,15,24.6,3.1,7.2,.428,0.5,1.8,.281,2.6,5.4,.477,.463,2.1,2.6,.803,0.7,2.0,2.6,4.4,1.1,0.1,1.8,1.5,8.8
245,Jake Layman\laymaja01,SF,22,POR,23,0,6.3,0.8,2.4,.321,0.4,1.7,.237,0.4,0.8,.500,.402,0.4,0.6,.692,0.1,0.5,0.6,0.3,0.3,0.1,0.2,0.6,2.3
246,Courtney Lee\leeco01,SG,31,NYK,47,44,31.2,3.9,8.7,.450,1.5,3.5,.418,2.5,5.2,.472,.534,0.9,1.1,.840,0.8,2.4,3.3,1.9,0.9,0.3,0.7,1.8,10.2
247,David Lee\leeda02,PF,33,SAS,49,7,18.6,3.1,5.3,.583,0.0,0.0,,3.1,5.3,.583,.583,1.1,1.5,.722,1.8,3.7,5.5,1.6,0.4,0.4,1.0,1.5,7.2
248,Alex Len\lenal01,C,23,PHO,49,10,19.6,2.7,5.4,.502,0.0,0.1,.000,2.7,5.4,.508,.502,1.8,2.5,.727,1.9,4.4,6.3,0.5,0.4,1.3,1.2,3.0,7.3
249,Kawhi Leonard\leonaka01,SF,25,SAS,46,46,33.4,8.4,17.2,.486,2.0,5.0,.400,6.4,12.2,.521,.544,6.6,7.3,.902,1.2,4.6,5.8,3.3,1.8,0.8,2.1,1.5,25.3
250,Meyers Leonard\leoname01,PF,24,POR,44,5,15.9,2.0,5.5,.361,1.1,3.1,.343,0.9,2.4,.385,.459,0.6,0.6,.962,0.4,2.8,3.1,0.8,0.1,0.4,0.5,2.2,5.6
251,Jon Leuer\leuerjo01,PF,27,DET,45,14,26.7,4.4,8.6,.509,0.8,2.5,.333,3.5,6.1,.582,.558,1.3,1.5,.882,1.4,4.4,5.8,1.8,0.5,0.4,0.9,2.0,10.9
252,Caris LeVert\leverca01,SF,22,BRK,28,1,20.1,2.5,5.9,.430,1.0,3.2,.315,1.5,2.7,.566,.515,1.1,1.4,.750,0.3,2.5,2.8,1.9,1.0,0.1,1.0,1.3,7.1
253,DeAndre Liggins\liggide01,SG,28,CLE,41,17,14.7,1.0,2.6,.370,0.4,1.0,.375,0.6,1.7,.368,.440,0.4,0.7,.643,0.3,1.4,1.7,1.0,0.8,0.3,0.8,1.6,2.8
254,Damian Lillard\lillada01,PG,26,POR,46,46,35.7,8.5,19.2,.441,2.5,7.3,.341,6.0,11.9,.501,.505,6.5,7.2,.901,0.6,4.2,4.8,5.8,0.7,0.3,2.7,2.2,25.9
255,Jeremy Lin\linje01,PG,28,BRK,12,9,25.0,5.1,10.8,.469,1.3,4.0,.333,3.8,6.8,.549,.531,2.4,3.4,.707,0.2,3.1,3.3,5.8,1.3,0.6,2.7,1.0,13.9
256,Shaun Livingston\livinsh01,PG,31,GSW,47,1,17.6,2.5,4.3,.574,0.0,0.0,.000,2.5,4.3,.577,.574,0.5,0.8,.595,0.4,1.6,2.0,1.7,0.5,0.2,0.9,1.6,5.4
257,Kevon Looney\looneke01,C,20,GSW,38,3,8.7,1.1,1.9,.575,0.0,0.2,.167,1.1,1.8,.612,.582,0.5,0.7,.667,0.9,1.6,2.5,0.6,0.2,0.4,0.3,1.5,2.7
258,Brook Lopez\lopezbr01,C,28,BRK,45,45,29.4,7.2,15.4,.468,1.8,5.2,.345,5.4,10.3,.530,.526,4.1,4.9,.842,1.6,3.6,5.2,2.5,0.6,1.6,2.4,2.5,20.4
259,Robin Lopez\lopezro01,C,28,CHI,51,51,28.2,4.3,8.7,.494,0.0,0.0,.000,4.3,8.7,.495,.494,0.8,1.3,.672,3.3,3.6,6.9,0.9,0.2,1.6,1.0,1.9,9.4
260,Kevin Love\loveke01,PF,28,CLE,42,42,31.6,6.4,15.0,.425,2.6,6.8,.380,3.8,8.2,.464,.512,4.6,5.3,.865,2.5,8.6,11.1,1.9,0.8,0.4,2.1,1.8,19.9
261,Kyle Lowry\lowryky01,PG,30,TOR,50,50,37.6,7.3,15.5,.470,3.3,7.8,.421,4.0,7.7,.519,.575,5.3,6.4,.822,0.9,3.8,4.7,6.9,1.5,0.3,2.9,2.8,23.2
262,John Lucas III\lucasjo02,PG,34,MIN,5,0,2.2,0.2,0.8,.250,0.0,0.2,.000,0.2,0.6,.333,.250,0.0,0.0,,0.0,0.0,0.0,0.2,0.4,0.0,0.0,0.0,0.4
263,Timothe Luwawu-Cabarrot\luwawti01,SF,21,PHI,37,1,11.6,1.2,3.0,.405,0.3,1.0,.324,0.9,2.0,.446,.459,0.9,1.2,.761,0.2,1.1,1.4,0.7,0.2,0.2,0.8,1.5,3.7
264,Trey Lyles\lylestr01,PF,21,UTA,51,4,19.1,2.8,7.2,.389,1.1,3.4,.329,1.7,3.8,.443,.467,0.9,1.3,.706,0.8,3.0,3.8,1.2,0.5,0.3,1.1,1.5,7.6
265,Shelvin Mack\macksh01,PG,26,UTA,42,9,22.5,3.2,7.2,.444,0.7,2.3,.316,2.5,4.9,.502,.493,0.8,1.2,.667,0.4,1.9,2.2,2.9,0.8,0.0,1.9,1.8,7.9
266,Ian Mahinmi\mahinia01,C,30,WAS,1,0,14.0,0.0,1.0,.000,0.0,0.0,,0.0,1.0,.000,.000,1.0,2.0,.500,0.0,1.0,1.0,0.0,1.0,1.0,2.0,3.0,1.0
267,Thon Maker\makerth01,PF,19,MIL,26,3,5.7,1.0,1.8,.542,0.4,0.7,.611,0.6,1.2,.500,.656,0.5,0.8,.619,0.4,0.8,1.2,0.0,0.2,0.4,0.2,1.0,2.9
268,Boban Marjanovic\marjabo01,C,28,DET,21,0,7.0,1.4,3.1,.462,0.0,0.0,,1.4,3.1,.462,.462,1.0,1.3,.778,1.2,2.0,3.2,0.1,0.1,0.4,0.2,0.5,3.9
269,Jarell Martin\martija01,PF,22,MEM,40,3,13.5,1.4,3.6,.375,0.2,0.7,.346,1.1,3.0,.381,.406,1.0,1.2,.792,0.9,3.0,3.9,0.2,0.4,0.2,0.7,2.3,3.9
270,Wesley Matthews\matthwe02,SG,30,DAL,47,47,35.4,5.1,12.9,.398,2.8,7.3,.383,2.3,5.6,.418,.507,2.2,2.7,.817,0.2,3.3,3.5,2.2,1.2,0.2,1.4,2.1,15.3
271,Luc Mbah a Moute\mbahalu01,PF,30,LAC,48,46,22.6,2.4,4.9,.494,0.6,1.5,.403,1.8,3.4,.534,.556,1.0,1.3,.719,0.8,1.8,2.5,0.4,1.0,0.6,0.7,1.7,6.4
272,James Michael McAdoo\mcadoja01,PF,24,GSW,24,0,8.3,1.1,2.0,.563,0.0,0.1,.000,1.1,1.9,.600,.563,0.3,0.5,.636,0.5,1.1,1.6,0.4,0.2,0.4,0.5,0.8,2.5
273,Patrick McCaw\mccawpa01,SG,21,GSW,41,2,12.2,1.1,2.9,.402,0.6,1.7,.371,0.5,1.1,.447,.513,0.2,0.3,.500,0.2,0.8,1.0,0.9,0.3,0.2,0.5,0.9,3.1
274,Sheldon McClellan\mcclesh01,SG,24,WAS,23,3,10.6,1.0,2.7,.365,0.3,1.1,.231,0.7,1.6,.459,.413,0.8,0.9,.857,0.2,1.1,1.3,0.7,0.3,0.1,0.1,0.7,3.0
275,C.J. McCollum\mccolcj01,SG,25,POR,51,51,34.5,8.8,18.0,.486,2.5,6.0,.420,6.2,12.0,.519,.556,3.4,3.8,.896,0.8,2.8,3.6,3.7,1.1,0.6,2.3,2.8,23.5
276,T.J. McConnell\mccontj01,PG,24,PHI,49,19,24.2,2.5,5.4,.460,0.1,0.6,.241,2.3,4.8,.487,.474,0.7,0.9,.767,0.4,2.5,2.9,6.1,1.4,0.1,1.9,1.8,5.8
277,Chris McCullough\mcculch01,PF,21,BRK,13,0,5.5,1.2,2.4,.516,0.1,0.5,.167,1.2,1.9,.600,.532,0.2,0.2,.667,0.7,0.6,1.3,0.2,0.1,0.2,0.2,0.5,2.7
278,K.J. McDaniels\mcdankj01,SF,23,HOU,27,0,7.6,1.0,2.3,.444,0.3,0.9,.320,0.7,1.4,.526,.508,0.3,0.4,.900,0.1,0.9,1.0,0.1,0.2,0.3,0.4,0.9,2.7
279,Doug McDermott\mcderdo01,SF,25,CHI,38,3,24.7,3.7,8.4,.441,1.3,3.4,.375,2.4,5.1,.484,.516,1.4,1.5,.912,0.3,2.8,3.2,1.1,0.3,0.1,0.7,1.3,10.1
280,JaVale McGee\mcgeeja01,C,29,GSW,46,5,8.7,2.6,3.8,.678,0.0,0.1,.000,2.6,3.7,.690,.678,0.6,1.3,.468,1.0,1.7,2.7,0.2,0.2,0.7,0.6,1.3,5.8
281,Rodney McGruder\mcgruro01,SG,25,MIA,47,34,25.6,2.1,5.5,.384,0.9,2.6,.325,1.3,2.9,.437,.461,0.7,1.1,.654,1.3,2.1,3.3,1.4,0.6,0.2,0.7,1.9,5.8
282,Ben McLemore\mclembe01,SG,23,SAC,36,16,15.9,2.1,5.3,.402,0.6,2.1,.293,1.5,3.2,.474,.460,0.8,1.1,.763,0.2,1.0,1.2,0.8,0.5,0.1,0.7,1.2,5.6
283,Jordan McRae\mcraejo01,SG,25,CLE,32,3,10.5,1.7,4.2,.396,0.4,1.3,.333,1.2,2.9,.424,.448,0.8,1.0,.788,0.1,1.1,1.2,0.5,0.3,0.2,0.4,0.9,4.6
284,Josh McRoberts\mcrobjo01,PF,29,MIA,22,14,17.3,2.0,5.4,.373,0.6,1.4,.419,1.4,4.0,.356,.428,0.3,0.4,.667,1.0,2.3,3.4,2.3,0.5,0.2,1.0,1.4,4.9
285,Jodie Meeks\meeksjo01,SG,29,ORL,24,9,21.7,2.9,7.0,.417,1.5,3.7,.404,1.4,3.3,.430,.524,1.6,1.8,.905,0.1,2.1,2.3,1.5,1.2,0.1,1.0,1.2,8.9
286,Salah Mejri\mejrisa01,C,30,DAL,44,11,13.5,1.1,1.7,.667,0.0,0.0,.000,1.1,1.7,.685,.667,0.5,0.7,.625,1.4,3.0,4.5,0.2,0.5,0.9,0.6,2.3,2.7
287,Jordan Mickey\mickejo01,PF,22,BOS,14,1,8.0,1.0,2.1,.483,0.0,0.1,.000,1.0,2.0,.500,.483,0.4,0.7,.600,0.9,1.0,1.9,0.4,0.1,0.2,0.5,0.6,2.4
288,C.J. Miles\milescj01,SF,29,IND,44,10,22.8,3.7,8.5,.434,2.2,5.1,.420,1.5,3.3,.456,.562,1.1,1.3,.857,0.3,2.6,3.0,0.6,0.6,0.4,0.5,2.0,10.6
289,Mike Miller\millemi01,SF,36,DEN,10,0,5.5,0.4,1.0,.400,0.4,0.8,.500,0.0,0.2,.000,.600,0.2,0.2,1.000,0.2,1.3,1.5,0.8,0.0,0.0,0.7,0.2,1.4
290,Patty Mills\millspa02,PG,28,SAS,49,4,21.7,3.7,7.9,.460,1.8,4.2,.437,1.8,3.7,.486,.576,1.0,1.1,.857,0.3,1.6,1.9,3.3,0.8,0.0,1.3,1.4,10.1
291,Paul Millsap\millspa01,PF,31,ATL,48,48,33.9,6.4,14.4,.441,1.2,3.6,.326,5.2,10.8,.481,.483,4.0,5.3,.753,1.7,6.3,8.0,3.8,1.5,1.0,2.2,2.6,17.9
292,Nikola Mirotic\mirotni01,PF,25,CHI,45,2,22.6,3.1,8.1,.387,1.4,4.7,.300,1.7,3.4,.510,.475,1.4,1.8,.765,0.8,4.5,5.3,0.9,0.7,0.8,1.1,1.8,9.1
293,Greg Monroe\monrogr01,C,26,MIL,49,0,21.3,4.4,8.5,.519,0.0,0.0,.000,4.4,8.4,.522,.519,2.3,3.1,.721,2.0,4.7,6.7,2.1,1.3,0.5,1.6,1.8,11.1
294,E'Twaun Moore\mooreet01,SG,27,NOP,47,20,24.9,3.9,8.6,.457,1.2,2.9,.404,2.7,5.7,.483,.525,0.7,0.9,.738,0.6,1.7,2.3,2.3,0.6,0.5,0.9,1.9,9.7
295,Marcus Morris\morrima03,SF,27,DET,50,50,32.9,5.4,12.7,.421,1.6,4.7,.342,3.7,8.0,.469,.485,1.8,2.2,.804,0.9,3.5,4.4,2.1,0.7,0.3,1.1,2.0,14.1
296,Markieff Morris\morrima02,PF,27,WAS,49,49,32.1,5.4,12.1,.443,0.9,2.7,.341,4.4,9.4,.472,.481,2.7,3.3,.820,1.5,5.3,6.8,1.8,1.1,0.6,1.9,3.3,14.3
297,Anthony Morrow\morroan01,SG,31,OKC,34,7,16.1,2.2,5.6,.400,0.9,2.9,.300,1.4,2.6,.511,.479,0.6,0.7,.875,0.3,0.4,0.7,0.5,0.5,0.1,0.2,1.1,6.0
298,Donatas Motiejunas\motiedo01,PF,26,NOP,14,0,15.1,2.0,4.0,.500,0.6,1.5,.381,1.4,2.5,.571,.571,0.6,1.4,.474,0.8,2.3,3.1,1.4,0.6,0.4,1.0,1.9,5.2
299,Timofey Mozgov\mozgoti01,C,30,LAL,52,52,20.7,3.2,6.2,.509,0.0,0.0,.000,3.2,6.2,.511,.509,1.2,1.5,.803,1.9,3.0,5.0,0.8,0.3,0.6,1.3,2.4,7.5
300,Emmanuel Mudiay\mudiaem01,PG,20,DEN,44,41,28.1,4.1,11.0,.369,1.1,3.6,.308,3.0,7.4,.399,.420,2.5,3.2,.775,0.6,3.0,3.5,4.2,0.8,0.3,2.5,1.9,11.8
301,Shabazz Muhammad\muhamsh01,SF,24,MIN,47,0,19.6,3.3,7.0,.465,0.8,1.8,.453,2.4,5.2,.469,.524,1.6,2.1,.794,1.1,1.9,3.0,0.4,0.3,0.1,0.7,1.2,9.0
302,Dejounte Murray\murrade01,PG,20,SAS,28,6,8.3,1.5,3.4,.447,0.3,0.6,.444,1.2,2.7,.447,.489,0.6,0.9,.720,0.1,0.8,1.0,1.1,0.2,0.1,1.0,0.8,3.9
303,Jamal Murray\murraja01,SG,19,DEN,50,3,19.9,3.1,7.9,.390,1.2,3.8,.321,1.9,4.1,.454,.467,1.3,1.5,.865,0.6,1.9,2.5,1.8,0.5,0.3,1.3,1.4,8.7
304,Mike Muscala\muscami01,C,25,ATL,45,3,20.2,2.9,5.7,.512,0.8,1.8,.439,2.1,3.9,.546,.582,0.8,1.1,.771,1.3,2.5,3.8,1.4,0.5,0.7,0.9,1.7,7.4
305,Larry Nance Jr.\nancela02,PF,24,LAL,34,0,21.9,3.1,5.4,.568,0.1,0.4,.167,3.0,5.0,.596,.574,0.7,1.0,.697,1.7,3.7,5.4,1.4,1.1,0.7,0.8,2.4,6.9
306,Shabazz Napier\napiesh01,PG,25,POR,30,0,7.6,1.1,2.9,.375,0.6,1.8,.321,0.5,1.2,.457,.472,0.6,0.8,.739,0.1,0.7,0.7,0.9,0.6,0.0,0.7,0.6,3.3
307,Maurice Ndour\ndourma01,PF,24,NYK,18,0,7.8,1.0,2.1,.474,0.1,0.3,.200,0.9,1.8,.515,.487,0.5,0.6,.900,0.4,1.0,1.4,0.1,0.4,0.1,0.3,0.9,2.6
308,Gary Neal\nealga01,SG,32,ATL,2,0,9.0,0.0,3.5,.000,0.0,1.0,.000,0.0,2.5,.000,.000,2.0,2.0,1.000,0.0,0.5,0.5,0.5,0.0,0.0,0.0,0.5,2.0
309,Jameer Nelson\nelsoja01,PG,34,DEN,50,14,25.4,3.4,7.8,.437,1.2,3.3,.376,2.2,4.5,.482,.517,0.6,0.9,.727,0.4,1.8,2.2,4.6,0.6,0.1,1.7,2.7,8.7
310,Raul Neto\netora01,PG,24,UTA,25,0,8.0,1.0,2.3,.439,0.2,0.8,.286,0.8,1.4,.528,.491,0.1,0.1,1.000,0.0,0.7,0.8,0.8,0.5,0.0,0.4,1.0,2.4
311,Georges Niang\niangge01,PF,23,IND,21,0,4.1,0.4,1.6,.235,0.0,0.5,.091,0.3,1.1,.304,.250,0.1,0.1,1.000,0.1,0.6,0.7,0.2,0.1,0.0,0.2,0.3,0.9
312,Andrew Nicholson\nichoan01,PF,27,WAS,27,0,8.4,1.1,2.8,.395,0.1,0.6,.188,1.0,2.2,.450,.414,0.3,0.4,.583,0.4,0.9,1.3,0.3,0.4,0.2,0.4,1.4,2.6
313,Joakim Noah\noahjo01,C,31,NYK,46,46,22.1,2.2,4.3,.495,0.0,0.0,.000,2.2,4.3,.497,.495,0.7,1.7,.436,3.5,5.2,8.7,2.2,0.7,0.8,1.3,2.8,5.0
314,Nerlens Noel\noelne01,C,22,PHI,23,4,18.0,3.4,5.8,.594,0.0,0.0,,3.4,5.8,.594,.594,1.4,2.0,.717,1.5,3.3,4.8,1.0,1.3,0.9,0.9,2.3,8.3
315,Lucas Nogueira\noguelu01,C,24,TOR,42,6,21.3,2.2,3.2,.684,0.1,0.2,.375,2.1,3.0,.704,.695,0.9,1.4,.638,1.8,3.2,5.0,0.8,1.0,1.9,0.8,2.7,5.3
316,Steve Novak\novakst01,PF,33,MIL,8,0,2.8,0.3,0.9,.286,0.1,0.8,.167,0.1,0.1,1.000,.357,0.0,0.0,,0.0,0.4,0.4,0.0,0.0,0.0,0.0,0.1,0.6
317,Dirk Nowitzki\nowitdi01,PF,38,DAL,24,24,25.5,4.8,11.8,.403,1.5,4.0,.368,3.3,7.8,.420,.465,1.8,2.1,.860,0.5,5.3,5.9,1.5,0.5,0.8,0.9,1.9,12.8
318,Jusuf Nurkic\nurkiju01,C,22,DEN,43,29,18.4,3.5,6.8,.510,0.0,0.0,,3.5,6.8,.510,.510,1.3,2.6,.495,2.0,3.9,5.9,1.3,0.6,0.8,1.9,2.0,8.2
319,Johnny O'Bryant\obryajo01,PF,23,DEN,2,0,8.0,1.0,3.5,.286,0.5,1.0,.500,0.5,2.5,.200,.357,1.0,1.0,1.000,0.0,1.5,1.5,0.5,0.0,0.0,0.5,0.5,3.5
320,Kyle O'Quinn\oquinky01,PF,26,NYK,50,6,14.9,2.7,5.2,.525,0.0,0.2,.125,2.7,5.0,.538,.527,0.6,0.8,.690,2.1,3.5,5.6,1.2,0.4,1.2,0.9,2.1,6.0
321,Daniel Ochefu\ochefda01,C,23,WAS,13,0,3.6,0.5,1.2,.467,0.0,0.0,,0.5,1.2,.467,.467,0.0,0.2,.000,0.2,1.0,1.2,0.2,0.1,0.0,0.2,0.9,1.1
322,Jahlil Okafor\okafoja01,C,21,PHI,34,19,23.1,4.8,9.4,.513,0.0,0.0,,4.8,9.4,.513,.513,1.8,2.9,.616,1.6,3.2,4.8,1.1,0.4,1.0,1.4,2.5,11.4
323,Victor Oladipo\oladivi01,SG,24,OKC,42,42,33.7,6.2,13.9,.444,2.0,5.5,.364,4.2,8.4,.497,.516,1.5,2.2,.714,0.6,3.6,4.2,2.5,1.2,0.3,1.5,2.3,15.9
324,Kelly Olynyk\olynyke01,C,25,BOS,43,5,21.0,3.3,6.6,.495,1.0,2.8,.355,2.3,3.8,.599,.571,1.1,1.6,.716,0.8,3.7,4.5,1.9,0.7,0.4,1.3,2.5,8.6
325,Arinze Onuaku\onuakar01,C,29,ORL,8,0,3.5,0.3,0.5,.500,0.0,0.0,,0.3,0.5,.500,.500,0.0,0.0,,0.3,0.5,0.8,0.3,0.0,0.1,0.3,0.4,0.5
326,Chinanu Onuaku\onuakch01,C,20,HOU,2,0,5.0,1.0,1.0,1.000,0.0,0.0,,1.0,1.0,1.000,1.000,1.0,1.0,1.000,0.5,1.0,1.5,0.5,0.5,0.0,0.0,0.5,3.0
327,Kelly Oubre\oubreke01,SF,21,WAS,48,1,20.5,2.4,5.5,.429,0.8,2.6,.312,1.6,2.9,.532,.502,0.9,1.2,.786,0.7,2.7,3.4,0.7,0.7,0.2,0.7,2.5,6.5
328,Zaza Pachulia\pachuza01,C,32,GSW,44,44,18.8,2.2,4.1,.527,0.0,0.0,,2.2,4.1,.527,.527,1.5,2.0,.773,2.1,3.9,6.0,2.0,1.0,0.4,1.3,2.4,5.9
329,Georgios Papagiannis\papagge01,C,19,SAC,2,0,4.5,0.5,0.5,1.000,0.0,0.0,,0.5,0.5,1.000,1.000,0.0,0.0,,0.0,0.5,0.5,0.0,0.0,0.0,0.5,1.5,1.0
330,Jabari Parker\parkeja01,PF,21,MIL,50,49,34.2,7.9,16.1,.489,1.3,3.5,.367,6.6,12.5,.524,.530,3.2,4.3,.744,1.6,4.7,6.2,2.8,1.0,0.4,1.8,2.2,20.2
331,Tony Parker\parketo01,PG,34,SAS,37,37,25.6,4.7,9.8,.482,0.4,1.1,.385,4.3,8.7,.494,.503,1.3,1.8,.754,0.2,1.7,2.0,4.7,0.5,0.1,1.4,1.6,11.1
332,Chandler Parsons\parsoch01,SF,28,MEM,23,23,18.8,2.4,6.7,.359,0.7,2.8,.250,1.7,3.9,.438,.412,1.2,1.3,.903,0.1,2.0,2.1,1.5,0.6,0.1,0.5,1.3,6.7
333,Lamar Patterson\pattela01,SG,25,ATL,2,0,8.5,1.0,2.5,.400,0.0,0.5,.000,1.0,2.0,.500,.400,0.0,0.5,.000,0.5,1.5,2.0,0.0,0.0,0.0,1.0,2.5,2.0
334,Patrick Patterson\pattepa01,PF,27,TOR,40,7,27.3,2.5,6.4,.385,1.6,4.3,.363,0.9,2.2,.430,.506,0.7,1.0,.659,1.2,4.2,5.4,1.4,0.8,0.4,0.7,2.1,7.2
335,Chris Paul\paulch01,PG,31,LAC,36,36,30.9,5.8,12.3,.471,1.9,4.9,.395,3.9,7.4,.521,.550,3.9,4.5,.876,0.7,4.6,5.3,9.7,2.2,0.1,2.4,2.4,17.5
336,Adreian Payne\paynead01,PF,25,MIN,12,0,7.7,1.4,3.3,.436,0.2,0.8,.200,1.3,2.4,.517,.462,1.0,1.3,.800,0.5,1.2,1.7,0.3,0.4,0.3,0.6,1.8,4.0
337,Cameron Payne\payneca01,PG,22,OKC,14,0,16.9,2.2,6.5,.341,0.8,2.6,.297,1.4,3.9,.370,.401,0.3,0.3,1.000,0.1,1.4,1.5,2.0,0.5,0.3,0.6,1.9,5.5
338,Elfrid Payton\paytoel01,PG,22,ORL,53,33,29.4,5.2,11.3,.455,0.6,2.3,.275,4.5,9.1,.500,.483,1.6,2.4,.656,0.8,3.1,3.9,5.8,1.2,0.5,2.1,2.2,12.5
339,Paul Pierce\piercpa01,SF,39,LAC,12,6,12.3,1.2,3.3,.359,0.8,2.2,.346,0.4,1.1,.385,.474,0.7,0.8,.800,0.0,1.5,1.5,0.2,0.3,0.3,0.7,2.1,3.8
340,Marshall Plumlee\plumlma02,C,24,NYK,6,0,10.3,0.5,0.7,.750,0.0,0.0,,0.5,0.7,.750,.750,0.5,1.0,.500,1.3,1.5,2.8,0.7,0.2,0.3,0.7,1.7,1.5
341,Mason Plumlee\plumlma01,C,26,POR,51,51,28.0,4.4,8.3,.532,0.0,0.1,.000,4.4,8.2,.538,.532,2.2,4.0,.551,2.2,5.8,8.0,4.0,1.0,1.2,1.6,2.7,11.0
342,Miles Plumlee\plumlmi01,C,28,TOT,33,12,9.9,1.0,2.2,.451,0.0,0.0,,1.0,2.2,.451,.451,0.7,1.1,.629,0.8,1.1,1.8,0.5,0.3,0.3,0.7,1.5,2.6
342,Miles Plumlee\plumlmi01,C,28,MIL,32,12,9.7,0.9,2.1,.441,0.0,0.0,,0.9,2.1,.441,.441,0.7,1.1,.629,0.7,0.9,1.7,0.6,0.3,0.3,0.7,1.5,2.6
342,Miles Plumlee\plumlmi01,C-F,28,CHO,1,0,18.0,2.0,3.0,.667,0.0,0.0,,2.0,3.0,.667,.667,0.0,0.0,,2.0,6.0,8.0,0.0,0.0,2.0,0.0,3.0,4.0
343,Jakob Poeltl\poeltja01,C,21,TOR,26,2,10.1,0.8,1.7,.467,0.0,0.0,,0.8,1.7,.467,.467,0.5,1.0,.560,1.3,1.4,2.7,0.2,0.3,0.3,0.4,2.1,2.2
344,Otto Porter\porteot01,SF,23,WAS,50,50,33.7,5.5,10.4,.531,2.0,4.4,.459,3.5,6.0,.583,.628,1.1,1.4,.775,1.3,5.3,6.6,1.6,1.5,0.6,0.7,2.4,14.2
345,Bobby Portis\portibo01,PF,21,CHI,33,1,11.8,1.7,3.6,.475,0.3,0.8,.385,1.4,2.8,.500,.517,0.3,0.6,.550,1.2,2.2,3.4,0.5,0.2,0.1,0.6,1.3,4.1
346,Kristaps Porzingis\porzikr01,PF,21,NYK,44,43,33.1,6.8,15.0,.450,1.9,4.9,.378,4.9,10.1,.485,.512,3.0,3.9,.782,1.7,5.4,7.1,1.3,0.7,2.0,1.8,3.9,18.4
347,Dwight Powell\poweldw01,C,25,DAL,50,1,18.9,2.8,5.2,.535,0.1,0.5,.217,2.7,4.7,.566,.545,1.5,2.0,.778,1.5,3.1,4.6,0.8,1.0,0.6,0.4,2.0,7.2
348,Norman Powell\powelno01,SG,23,TOR,47,13,17.3,2.7,5.9,.460,0.7,1.9,.356,2.0,4.0,.511,.518,1.3,1.6,.776,0.3,1.7,1.9,1.0,0.7,0.2,0.8,1.6,7.3
349,Tim Quarterman\quartti01,SG,22,POR,12,0,3.3,0.6,0.8,.700,0.2,0.4,.400,0.4,0.4,1.000,.800,0.0,0.0,,0.2,0.3,0.5,0.6,0.1,0.2,0.3,0.3,1.3
350,Chasson Randle\randlch01,PG,23,PHI,7,0,9.9,1.6,3.6,.440,0.9,2.1,.400,0.7,1.4,.500,.560,1.3,1.3,1.000,0.0,0.7,0.7,0.7,0.4,0.1,0.3,1.6,5.3
351,Julius Randle\randlju01,PF,22,LAL,45,44,28.7,5.0,10.2,.487,0.1,0.5,.227,4.8,9.7,.500,.492,2.8,3.9,.714,1.8,6.4,8.2,3.7,0.8,0.4,2.6,3.4,12.8
352,Zach Randolph\randoza01,PF,35,MEM,46,3,24.4,6.1,13.3,.456,0.3,1.3,.262,5.7,12.0,.477,.469,1.6,2.2,.735,2.4,5.9,8.3,1.8,0.5,0.2,1.2,2.0,14.2
353,J.J. Redick\redicjj01,SG,32,LAC,47,47,28.3,5.4,11.9,.451,2.7,6.2,.435,2.7,5.7,.468,.564,2.2,2.5,.873,0.2,1.9,2.1,1.3,0.7,0.1,1.4,1.5,15.7
354,Willie Reed\reedwi02,C,26,MIA,42,5,14.8,2.4,4.0,.592,0.0,0.0,.000,2.4,4.0,.599,.592,0.8,1.4,.561,1.8,3.0,4.8,0.4,0.2,0.8,0.4,1.7,5.5
355,Josh Richardson\richajo01,SG,23,MIA,28,20,31.3,4.4,11.1,.394,1.6,5.1,.313,2.8,5.9,.464,.466,0.9,1.2,.735,0.5,2.8,3.3,2.8,0.9,0.5,1.5,2.6,11.2
356,Malachi Richardson\richama01,SG,21,SAC,16,0,8.3,1.2,2.8,.422,0.4,1.3,.300,0.8,1.6,.520,.489,0.6,0.8,.692,0.1,0.7,0.8,0.5,0.2,0.1,0.3,0.9,3.3
357,Austin Rivers\riverau01,SG,24,LAC,48,20,27.5,4.4,9.9,.442,1.5,3.9,.389,2.9,6.0,.476,.518,1.8,2.5,.708,0.3,1.7,2.0,2.8,0.8,0.2,1.4,2.4,12.0
358,Andre Roberson\roberan03,SF,25,OKC,51,51,30.4,2.6,6.0,.430,0.7,2.7,.246,1.9,3.3,.581,.485,0.6,1.5,.408,1.0,3.8,4.8,1.0,1.1,1.0,0.6,2.4,6.4
359,Brian Roberts\roberbr01,PG,31,CHO,15,0,6.6,0.5,1.7,.308,0.1,0.4,.333,0.4,1.3,.300,.346,1.1,1.3,.850,0.1,0.6,0.7,1.1,0.1,0.0,0.4,0.3,2.3
360,Glenn Robinson\robingl02,SF,23,IND,48,24,22.2,2.3,5.2,.444,0.7,1.8,.364,1.6,3.4,.488,.508,0.8,1.2,.714,0.9,2.9,3.8,0.7,0.5,0.3,0.6,1.0,6.1
361,Thomas Robinson\robinth01,PF,25,LAL,34,1,11.0,1.7,3.3,.523,0.0,0.0,,1.7,3.3,.523,.523,0.4,1.0,.429,1.7,2.7,4.4,0.7,0.5,0.3,0.7,1.6,3.9
362,Sergio Rodriguez\rodrise01,PG,30,PHI,45,30,23.5,3.3,8.2,.396,1.4,3.9,.358,1.9,4.3,.431,.481,0.3,0.4,.684,0.3,2.2,2.5,5.3,0.8,0.1,2.2,1.4,8.2
363,Rajon Rondo\rondora01,PG,30,CHI,42,29,26.8,2.7,7.5,.363,0.5,1.6,.324,2.2,5.9,.373,.397,0.4,0.7,.567,0.9,4.4,5.3,6.6,1.3,0.2,2.4,2.0,6.4
364,Derrick Rose\rosede01,PG,28,NYK,43,43,32.1,7.2,15.8,.455,0.3,1.2,.250,6.9,14.6,.472,.465,3.2,3.7,.866,1.2,2.7,3.9,4.4,0.7,0.4,2.5,1.5,17.9
365,Terrence Ross\rosste01,SF,25,TOR,50,0,22.6,3.9,9.0,.434,1.8,4.8,.372,2.1,4.1,.507,.535,0.8,1.0,.820,0.2,2.3,2.6,0.8,1.0,0.4,0.6,1.5,10.4
366,Terry Rozier\roziete01,PG,22,BOS,45,0,17.9,2.1,5.6,.384,0.7,2.2,.327,1.4,3.3,.423,.450,0.7,0.9,.738,0.5,2.6,3.1,1.6,0.7,0.2,0.5,1.0,5.7
367,Ricky Rubio\rubiori01,PG,26,MIN,45,45,31.9,2.6,6.8,.384,0.7,2.5,.289,1.9,4.3,.440,.438,2.7,3.1,.871,1.0,2.8,3.8,8.1,1.7,0.1,2.3,2.7,8.7
368,Damjan Rudez\rudezda01,SF,30,ORL,32,0,7.6,0.8,1.9,.387,0.6,1.5,.367,0.2,0.4,.462,.532,0.0,0.0,,0.2,0.6,0.7,0.4,0.3,0.0,0.3,0.8,2.1
369,Brandon Rush\rushbr01,SG,31,MIN,17,3,14.5,1.1,3.0,.373,0.8,1.9,.438,0.3,1.1,.263,.510,0.2,0.2,.750,0.4,1.1,1.5,0.6,0.4,0.5,0.5,0.5,3.2
370,D'Angelo Russell\russeda01,PG,20,LAL,37,37,26.8,5.2,13.2,.395,2.0,5.9,.341,3.2,7.4,.438,.470,2.3,3.1,.754,0.6,3.4,3.9,4.8,1.2,0.3,2.7,2.1,14.8
371,Domantas Sabonis\sabondo01,PF,20,OKC,51,51,21.5,2.5,6.1,.416,0.8,2.3,.339,1.8,3.8,.462,.479,0.4,0.5,.667,0.5,3.2,3.7,1.1,0.5,0.4,1.2,2.5,6.2
372,Dario Saric\saricda01,PF,22,PHI,50,11,24.0,3.5,9.4,.375,1.2,3.7,.324,2.3,5.7,.408,.439,1.6,2.1,.767,1.3,4.5,5.8,1.7,0.6,0.3,2.0,1.7,9.8
373,Tomas Satoransky\satorto01,SG,25,WAS,34,2,14.3,1.3,2.9,.440,0.2,0.7,.240,1.1,2.2,.507,.470,0.5,0.7,.750,0.6,1.2,1.8,1.9,0.5,0.1,0.8,1.3,3.3
374,Dennis Schroder\schrode01,PG,23,ATL,51,51,30.6,6.6,14.5,.458,1.3,3.5,.356,5.4,10.9,.491,.501,2.7,3.3,.825,0.5,2.3,2.8,6.3,0.8,0.2,3.0,1.7,17.2
375,Luis Scola\scolalu01,PF,36,BRK,35,1,12.7,2.0,4.3,.477,0.5,1.4,.354,1.5,2.9,.535,.534,0.7,1.1,.676,1.4,2.4,3.9,0.9,0.4,0.1,1.0,1.7,5.3
376,Mike Scott\scottmi01,PF,28,ATL,16,0,10.7,0.9,3.4,.273,0.3,1.7,.148,0.7,1.8,.393,.309,0.4,0.5,.875,0.6,1.6,2.1,0.9,0.3,0.2,0.4,0.8,2.6
377,Thabo Sefolosha\sefolth01,SF,32,ATL,44,29,25.8,3.0,6.6,.457,0.6,1.8,.329,2.4,4.8,.505,.502,1.0,1.3,.772,0.8,3.5,4.3,1.6,1.7,0.5,0.9,1.5,7.6
378,Kevin Seraphin\serapke01,PF,27,IND,27,0,10.3,1.9,3.6,.531,0.0,0.0,,1.9,3.6,.531,.531,0.1,0.2,.667,1.0,2.2,3.2,0.6,0.1,0.3,0.5,1.1,3.9
379,Ramon Sessions\sessira01,PG,30,CHO,50,1,16.2,2.0,5.3,.380,0.4,1.2,.339,1.6,4.0,.393,.420,1.8,2.4,.771,0.2,1.2,1.5,2.6,0.5,0.1,0.9,0.9,6.2
380,Iman Shumpert\shumpim01,SG,26,CLE,48,12,25.5,2.7,6.3,.431,1.5,3.6,.405,1.3,2.7,.466,.546,1.1,1.4,.773,0.6,2.5,3.1,1.6,1.0,0.3,1.0,1.9,8.0
381,Pascal Siakam\siakapa01,PF,22,TOR,44,35,16.8,2.0,4.0,.509,0.0,0.1,.000,2.0,3.9,.520,.509,0.4,0.6,.731,1.3,2.2,3.4,0.3,0.5,0.9,0.6,2.1,4.5
382,Jonathon Simmons\simmojo02,SG,27,SAS,47,1,18.3,2.4,5.4,.445,0.4,1.2,.333,2.0,4.2,.477,.482,1.4,2.0,.739,0.3,2.0,2.3,1.7,0.7,0.4,1.0,1.9,6.7
383,Kyle Singler\singlky01,SF,28,OKC,26,0,10.2,0.8,2.0,.385,0.2,1.0,.231,0.5,1.0,.538,.442,0.3,0.3,.875,0.1,1.0,1.1,0.2,0.1,0.1,0.4,0.8,2.0
384,Marcus Smart\smartma01,PG,22,BOS,47,17,30.7,3.3,9.3,.355,1.2,4.0,.306,2.1,5.3,.390,.420,2.1,2.7,.773,1.0,2.9,3.9,4.7,1.6,0.4,2.0,2.2,9.9
385,Ish Smith\smithis01,PG,28,DET,50,21,23.8,3.5,8.2,.433,0.3,1.3,.238,3.2,6.9,.468,.451,0.8,1.1,.679,0.3,2.4,2.6,4.9,0.7,0.3,1.4,1.6,8.1
386,J.R. Smith\smithjr01,SG,31,CLE,21,21,28.9,3.0,8.8,.337,2.4,6.6,.362,0.6,2.2,.261,.473,0.3,0.4,.778,0.4,1.8,2.1,1.2,1.2,0.4,0.7,2.2,8.6
387,Jason Smith\smithja02,C,30,WAS,48,0,12.9,2.1,3.9,.529,0.1,0.4,.412,1.9,3.6,.541,.548,0.4,0.6,.704,0.9,2.2,3.1,0.4,0.3,0.7,0.8,2.4,4.7
388,Tony Snell\snellto01,SF,25,MIL,49,49,28.6,2.9,6.4,.453,1.7,4.3,.385,1.2,2.1,.592,.582,0.5,0.7,.750,0.3,3.0,3.3,1.2,0.5,0.2,0.6,1.7,8.0
389,Marreese Speights\speigma01,C,29,LAC,50,1,16.7,3.3,7.3,.451,1.4,3.5,.402,1.9,3.8,.495,.546,2.0,2.3,.877,1.2,3.6,4.8,0.9,0.3,0.5,0.7,3.0,10.0
390,Nik Stauskas\stausni01,SG,23,PHI,48,23,26.9,2.9,7.3,.402,1.5,4.1,.374,1.4,3.2,.438,.507,1.3,1.6,.821,0.2,2.3,2.5,2.1,0.5,0.5,1.4,1.9,8.8
391,Lance Stephenson\stephla01,SG,26,NOP,6,0,27.0,4.3,9.2,.473,0.2,1.7,.100,4.2,7.5,.556,.482,0.8,1.3,.625,0.5,2.5,3.0,4.8,0.3,0.2,1.8,3.0,9.7
392,Jarnell Stokes\stokeja01,PF,23,DEN,2,0,3.5,0.5,0.5,1.000,0.0,0.0,,0.5,0.5,1.000,1.000,0.5,1.0,.500,0.5,0.5,1.0,1.0,0.5,0.0,0.0,1.5,1.5
393,Diamond Stone\stonedi01,C,19,LAC,5,0,4.0,0.6,2.2,.273,0.0,0.0,,0.6,2.2,.273,.273,0.8,0.8,1.000,0.2,0.6,0.8,0.0,0.0,0.2,0.2,1.0,2.0
394,Rodney Stuckey\stuckro01,PG,30,IND,18,0,19.9,3.0,6.9,.435,0.4,1.4,.308,2.6,5.4,.469,.468,2.6,3.5,.730,0.2,2.4,2.6,2.0,0.4,0.0,1.7,1.5,9.0
395,Jared Sullinger\sullija01,PF,24,TOR,8,1,12.6,1.9,5.8,.326,0.4,2.1,.176,1.5,3.6,.414,.359,0.5,1.0,.500,1.1,1.9,3.0,0.3,0.5,0.1,0.3,2.0,4.6
396,Walter Tavares\tavarwa01,C,24,ATL,1,0,4.0,1.0,1.0,1.000,0.0,0.0,,1.0,1.0,1.000,1.000,0.0,2.0,.000,0.0,1.0,1.0,0.0,0.0,0.0,0.0,0.0,2.0
397,Jeff Teague\teaguje01,PG,28,IND,50,50,32.6,5.0,11.2,.452,0.9,2.8,.338,4.1,8.4,.489,.494,4.7,5.5,.852,0.5,3.7,4.1,8.2,1.5,0.5,2.9,2.2,15.7
398,Mirza Teletovic\teletmi01,PF,31,MIL,41,2,16.8,2.4,6.2,.391,1.6,4.6,.349,0.8,1.6,.507,.520,0.6,0.8,.788,0.2,2.2,2.5,0.8,0.1,0.2,0.7,1.7,7.1
399,Garrett Temple\templga01,SG,30,SAC,49,15,26.6,2.7,6.3,.436,1.2,3.2,.367,1.6,3.0,.510,.531,1.0,1.3,.790,0.6,2.1,2.7,2.3,1.2,0.4,1.0,2.2,7.7
400,Jason Terry\terryja01,SG,39,MIL,44,0,17.2,1.2,3.0,.388,0.9,2.2,.398,0.3,0.8,.361,.534,0.3,0.3,.857,0.2,1.0,1.2,1.4,0.6,0.3,0.5,1.1,3.5
401,Isaiah Thomas\thomais02,PG,27,BOS,46,46,34.5,9.4,20.0,.470,3.2,8.2,.388,6.2,11.8,.528,.550,7.9,8.6,.916,0.6,2.1,2.7,6.3,0.8,0.1,2.6,2.2,29.9
402,Lance Thomas\thomala01,PF,28,NYK,30,6,17.6,1.8,4.7,.379,0.7,1.6,.429,1.1,3.0,.352,.454,0.6,0.7,.850,0.5,1.4,1.9,0.5,0.5,0.1,0.5,1.7,4.8
403,Hollis Thompson\thompho01,SG,25,PHI,31,1,18.1,2.1,5.1,.415,0.8,2.3,.366,1.3,2.8,.455,.497,0.4,0.6,.650,0.5,2.2,2.7,0.8,0.5,0.2,0.3,1.8,5.5
404,Klay Thompson\thompkl01,SG,26,GSW,50,50,34.2,8.0,17.2,.464,3.1,7.7,.403,4.9,9.5,.514,.555,2.2,2.6,.848,0.7,3.2,3.9,2.0,0.8,0.5,1.8,1.8,21.4
405,Tristan Thompson\thomptr01,C,25,CLE,49,49,29.3,3.1,5.3,.575,0.0,0.1,.000,3.1,5.3,.581,.575,1.5,3.0,.503,3.7,6.0,9.6,0.8,0.6,1.2,0.8,2.4,7.6
406,Marcus Thornton\thornma01,SG,29,WAS,33,1,17.4,2.5,6.4,.400,0.8,2.4,.350,1.7,3.9,.431,.467,0.7,0.8,.852,0.7,1.6,2.3,1.2,0.6,0.1,0.8,1.5,6.6
407,Anthony Tolliver\tollian01,PF,31,SAC,39,5,22.5,2.3,5.1,.450,1.4,3.4,.406,0.9,1.7,.537,.585,1.1,1.3,.804,0.9,2.7,3.6,0.9,0.5,0.3,0.7,1.7,7.1
408,Karl-Anthony Towns\townska01,C,21,MIN,51,51,36.4,9.0,17.6,.509,1.2,3.4,.345,7.8,14.2,.548,.542,4.0,5.0,.810,3.5,8.5,12.0,3.0,0.6,1.5,2.7,3.0,23.1
409,P.J. Tucker\tuckepj01,SF,31,PHO,51,17,28.6,2.6,6.1,.420,0.8,2.4,.347,1.7,3.7,.466,.487,1.1,1.4,.775,1.5,4.3,5.8,1.3,1.5,0.3,0.8,2.5,7.0
410,Evan Turner\turneev01,SG,28,POR,48,8,26.3,3.9,8.9,.435,0.6,2.0,.287,3.3,7.0,.476,.466,1.4,1.7,.850,0.5,3.3,3.9,3.4,0.9,0.4,1.6,1.8,9.7
411,Myles Turner\turnemy01,C,20,IND,49,49,30.4,5.9,11.1,.532,0.7,1.7,.398,5.2,9.4,.556,.562,3.1,3.9,.801,1.5,5.8,7.3,1.0,0.8,2.3,1.4,3.2,15.6
412,Beno Udrih\udrihbe01,PG,34,DET,29,0,14.3,2.3,5.1,.459,0.3,1.0,.357,2.0,4.1,.483,.493,0.8,0.9,.923,0.2,1.1,1.3,3.1,0.2,0.0,0.8,0.7,5.9
413,Tyler Ulis\ulisty01,PG,21,PHO,32,0,9.0,1.3,3.3,.381,0.2,0.4,.357,1.1,2.8,.385,.405,0.3,0.4,.786,0.2,0.5,0.7,1.1,0.6,0.0,0.8,0.8,3.0
414,Jonas Valanciunas\valanjo01,C,24,TOR,49,49,27.0,4.7,9.0,.526,0.0,0.0,,4.7,9.0,.526,.526,2.4,2.8,.849,3.0,7.0,10.0,0.8,0.5,0.8,1.4,2.9,11.9
415,Denzel Valentine\valende01,SG,23,CHI,27,0,11.9,1.1,3.6,.320,0.8,2.5,.313,0.4,1.1,.333,.428,0.3,0.3,.875,0.1,1.6,1.6,0.6,0.5,0.1,0.6,1.0,3.3
416,Fred VanVleet\vanvlfr01,PG,22,TOR,20,0,6.3,1.0,2.6,.392,0.4,0.8,.467,0.7,1.8,.361,.461,0.2,0.3,.600,0.2,0.7,0.8,0.7,0.5,0.1,0.2,0.9,2.5
417,Anderson Varejao\varejan01,C,34,GSW,14,1,6.6,0.4,1.0,.357,0.0,0.0,,0.4,1.0,.357,.357,0.6,0.8,.727,0.9,1.1,1.9,0.7,0.2,0.2,0.6,1.1,1.3
418,Greivis Vasquez\vasqugr01,PG,30,BRK,3,0,13.0,0.7,2.7,.250,0.3,1.0,.333,0.3,1.7,.200,.313,0.7,1.0,.667,0.0,0.7,0.7,1.7,0.3,0.3,0.3,2.0,2.3
419,Rashad Vaughn\vaughra01,SG,20,MIL,21,0,11.1,1.5,4.0,.365,0.9,2.4,.353,0.6,1.6,.382,.471,0.0,0.1,.500,0.0,1.1,1.2,0.4,0.5,0.2,0.3,0.6,3.9
420,Noah Vonleh\vonleno01,PF,21,POR,43,11,12.6,1.3,3.3,.414,0.2,0.5,.350,1.2,2.8,.425,.439,0.5,0.9,.590,1.3,2.6,3.9,0.2,0.3,0.3,0.7,1.6,3.4
421,Nikola Vucevic\vucevni01,C,26,ORL,50,30,28.4,6.3,13.2,.474,0.3,1.0,.280,6.0,12.2,.490,.485,1.2,1.9,.619,2.2,7.5,9.7,2.9,0.9,1.0,1.6,2.4,14.0
422,Sasha Vujacic\vujacsa01,SG,32,NYK,27,2,8.5,0.8,2.4,.328,0.4,1.3,.306,0.4,1.0,.357,.414,0.4,0.6,.800,0.1,1.1,1.2,0.9,0.3,0.1,0.4,0.9,2.4
423,Dwyane Wade\wadedw01,SG,35,CHI,46,45,30.4,7.1,16.5,.428,0.8,2.6,.322,6.3,14.0,.448,.453,3.9,4.9,.799,1.1,3.3,4.5,3.9,1.6,0.7,2.3,1.9,18.9
424,Dion Waiters\waitedi01,SG,25,MIA,31,28,30.5,6.1,14.5,.419,1.7,4.3,.398,4.4,10.2,.427,.478,1.8,2.7,.647,0.4,3.0,3.5,4.1,0.9,0.5,2.1,2.2,15.6
425,Kemba Walker\walkeke02,PG,26,CHO,50,50,33.8,8.1,17.9,.453,2.8,6.9,.401,5.3,11.0,.485,.530,3.9,4.6,.835,0.6,3.4,4.1,5.5,1.1,0.3,2.3,1.6,22.8
426,John Wall\walljo01,PG,26,WAS,48,48,36.4,8.5,18.4,.459,1.1,3.5,.319,7.4,15.0,.492,.489,5.0,6.1,.812,0.9,3.6,4.5,10.4,2.2,0.5,4.1,2.0,23.0
427,Taurean Waller-Prince\princta02,SF,22,ATL,30,0,10.0,1.1,3.0,.374,0.3,1.1,.273,0.8,1.9,.431,.423,0.9,1.0,.897,0.2,1.6,1.8,0.7,0.3,0.3,0.7,1.1,3.4
428,T.J. Warren\warretj01,SF,23,PHO,38,31,29.3,5.4,12.0,.451,0.4,1.8,.254,5.0,10.3,.485,.469,1.8,2.3,.787,1.7,2.2,3.9,1.0,1.2,0.3,0.8,2.8,13.1
429,C.J. Watson\watsocj01,PG,32,ORL,41,5,16.2,1.4,3.7,.388,0.5,1.6,.323,0.9,2.1,.437,.457,1.0,1.1,.851,0.2,1.2,1.4,1.7,0.7,0.0,0.6,1.1,4.4
430,David West\westda01,PF,36,GSW,42,0,11.5,1.7,3.2,.545,0.0,0.1,.500,1.7,3.1,.546,.552,0.6,0.8,.743,0.6,2.1,2.7,2.1,0.7,0.5,1.0,1.4,4.1
431,Russell Westbrook\westbru01,PG,28,OKC,51,51,34.7,9.9,23.7,.419,2.2,6.4,.340,7.7,17.3,.448,.465,8.8,10.6,.827,1.8,8.6,10.5,10.3,1.6,0.4,5.5,2.4,30.8
432,Okaro White\whiteok01,PF,24,MIA,9,0,16.4,1.3,2.8,.480,0.7,1.4,.462,0.7,1.3,.500,.600,0.8,0.8,1.000,0.3,2.2,2.6,0.3,0.3,0.4,0.6,1.6,4.1
433,Isaiah Whitehead\whiteis01,PG,21,BRK,42,25,22.3,2.7,7.0,.386,0.6,1.9,.316,2.1,5.1,.411,.428,1.1,1.4,.810,0.3,2.3,2.6,3.0,0.6,0.5,2.0,2.6,7.1
434,Hassan Whiteside\whiteha01,C,27,MIA,46,46,33.0,7.2,12.9,.556,0.0,0.0,,7.2,12.9,.556,.556,2.5,4.6,.555,3.7,10.2,14.0,0.7,0.7,2.1,2.1,3.0,16.9
435,Andrew Wiggins\wiggian01,SF,21,MIN,51,51,37.2,8.1,18.1,.449,1.2,3.5,.339,7.0,14.6,.475,.482,4.6,6.3,.743,1.2,2.9,4.1,2.5,0.8,0.4,2.4,2.2,22.1
436,C.J. Wilcox\wilcocj01,SG,26,ORL,16,0,4.7,0.3,1.1,.294,0.1,0.8,.167,0.2,0.3,.600,.353,0.1,0.1,1.000,0.1,0.4,0.6,0.6,0.1,0.1,0.3,0.3,0.9
437,Alan Williams\willial03,PF,24,PHO,19,0,6.6,1.1,2.1,.538,0.0,0.0,,1.1,2.1,.538,.538,0.6,1.2,.522,1.3,1.4,2.7,0.1,0.4,0.5,0.5,1.5,2.8
438,Deron Williams\willide01,PG,32,DAL,37,37,30.1,5.1,11.7,.432,1.6,4.6,.351,3.4,7.1,.485,.501,1.8,2.2,.817,0.4,2.3,2.7,7.1,0.5,0.1,2.4,2.4,13.5
439,Derrick Williams\willide02,PF,25,MIA,25,11,15.1,2.2,5.5,.394,0.4,1.8,.200,1.8,3.7,.489,.427,1.2,2.0,.620,0.6,2.3,2.9,0.6,0.4,0.2,0.6,1.3,5.9
440,Lou Williams\willilo02,SG,30,LAL,53,1,24.3,5.5,12.7,.437,2.1,5.4,.381,3.5,7.3,.478,.518,5.1,5.8,.877,0.2,2.2,2.4,3.2,1.1,0.2,2.0,1.1,18.3
441,Marvin Williams\willima02,PF,30,CHO,45,45,27.8,4.0,9.8,.407,1.8,5.0,.367,2.2,4.8,.449,.501,1.4,1.6,.836,1.0,4.6,5.5,1.2,0.7,0.5,0.7,1.6,11.2
442,Reggie Williams\willire02,SF,30,NOP,5,0,12.6,1.4,4.0,.350,1.0,2.0,.500,0.4,2.0,.200,.475,1.2,1.4,.857,0.4,0.8,1.2,0.8,0.6,0.0,0.0,0.4,5.0
443,Troy Williams\willitr02,SF,22,MEM,24,13,17.4,2.1,5.1,.418,0.4,1.7,.244,1.7,3.4,.506,.459,0.6,1.0,.600,0.3,1.6,1.8,0.8,1.0,0.4,1.1,1.8,5.3
444,Kyle Wiltjer\wiltjky01,PF,24,HOU,9,0,3.2,0.3,1.1,.300,0.3,1.1,.300,0.0,0.0,,.450,0.1,0.2,.500,0.3,0.4,0.8,0.0,0.0,0.1,0.3,0.3,1.1
445,Justise Winslow\winslju01,SF,20,MIA,18,15,34.7,4.4,12.6,.354,0.4,1.9,.200,4.1,10.6,.382,.369,1.6,2.6,.617,1.3,3.9,5.2,3.7,1.5,0.3,1.8,2.9,10.9
446,Jeff Withey\witheje01,C,26,UTA,28,0,8.5,0.9,1.7,.553,0.0,0.0,.000,0.9,1.6,.565,.553,0.8,1.0,.786,0.9,1.5,2.3,0.1,0.3,0.7,0.3,1.0,2.6
447,Christian Wood\woodch01,PF,21,CHO,3,0,5.3,0.3,1.0,.333,0.0,0.7,.000,0.3,0.3,1.000,.333,0.7,0.7,1.000,0.0,2.0,2.0,0.3,0.0,0.7,0.0,0.0,1.3
448,Metta World Peace\artesro01,SF,37,LAL,17,1,4.6,0.3,1.5,.200,0.1,0.9,.133,0.2,0.6,.300,.240,0.2,0.4,.667,0.2,0.4,0.5,0.3,0.2,0.1,0.2,0.8,0.9
449,Brandan Wright\wrighbr03,PF,29,MEM,3,0,10.3,2.0,4.3,.462,0.0,0.3,.000,2.0,4.0,.500,.462,0.0,0.0,,2.0,1.3,3.3,0.0,0.7,0.0,0.3,1.0,4.0
450,James Young\youngja01,SG,21,BOS,14,0,6.3,0.6,1.5,.381,0.3,0.9,.333,0.3,0.6,.444,.476,0.3,0.4,.800,0.2,0.8,1.0,0.3,0.2,0.0,0.1,0.2,1.7
451,Joe Young\youngjo01,PG,24,IND,23,0,5.1,0.9,2.7,.339,0.2,0.9,.190,0.7,1.8,.415,.371,0.4,0.6,.692,0.0,0.6,0.6,0.6,0.2,0.0,0.2,0.2,2.4
452,Nick Young\youngni01,SG,31,LAL,46,46,26.7,4.8,10.7,.447,2.9,7.0,.419,1.9,3.7,.500,.583,1.3,1.6,.847,0.5,1.8,2.3,1.0,0.6,0.3,0.6,2.4,13.8
453,Thaddeus Young\youngth01,PF,28,IND,49,49,31.1,4.9,9.5,.522,0.9,2.3,.396,4.0,7.2,.561,.569,0.7,1.3,.571,1.5,4.6,6.1,1.7,1.8,0.5,1.5,1.9,11.5
454,Cody Zeller\zelleco01,PF,24,CHO,38,36,26.9,4.2,7.2,.590,0.0,0.0,,4.2,7.2,.590,.590,2.4,3.5,.689,2.3,4.2,6.6,1.4,0.7,1.1,1.2,3.2,10.9
455,Tyler Zeller\zellety01,C,27,BOS,31,5,12.3,1.8,4.0,.463,0.0,0.0,.000,1.8,3.9,.467,.463,0.5,0.8,.577,1.1,1.9,3.1,0.9,0.2,0.6,0.4,1.3,4.2
456,Stephen Zimmerman\zimmest01,C,20,ORL,8,0,4.0,0.6,1.4,.455,0.0,0.0,,0.6,1.4,.455,.455,0.0,0.1,.000,0.5,1.3,1.8,0.1,0.1,0.1,0.0,0.1,1.3
457,Paul Zipser\zipsepa01,SF,22,CHI,21,4,15.0,1.5,4.1,.356,0.6,2.0,.302,0.9,2.1,.409,.431,1.0,1.2,.800,0.3,2.0,2.2,0.4,0.2,0.2,0.7,1.0,4.5
458,Ivica Zubac\zubaciv01,C,19,LAL,18,1,12.3,2.3,4.6,.494,0.0,0.0,,2.3,4.6,.494,.494,0.8,0.9,.824,1.2,2.5,3.7,0.5,0.2,0.6,0.8,1.1,5.3