"","Team.Game","Player.Game","Date","Age","Tm","Where","Opp","Result","PointDiff","GS","MP","FG","FGA","FG.percent","3PM","3PA","3P.percent","FT","FTA","FT.percent","ORB","DRB","TRB","AST","STL","BLK","TOV","PF","PTS","GmSc","Plus.Minus","Playername"
"1",1,1,"2016-10-26","27-349","OKC","Away","PHI","W ",6,1,"36:23",11,21,0.524,1,2,0.5,9,11,0.818,1,11,12,9,0,0,2,2,32,28.4,10,"westbrook"
"2",2,2,"2016-10-28","27-351","OKC","Home","PHO","W ",3,1,"45:19",17,44,0.386,2,10,0.2,15,20,0.75,3,10,13,10,2,0,5,3,51,32.9,7,"westbrook"
"3",3,3,"2016-10-30","27-353","OKC","Home","LAL","W ",17,1,"33:39",11,21,0.524,5,6,0.833,6,6,1,4,7,11,16,1,1,7,3,33,32.3,9,"westbrook"
"4",4,4,"2016-11-02","27-356","OKC","Away","LAC","W ",2,1,"32:39",14,30,0.467,0,7,0,7,9,0.778,1,5,6,5,3,0,10,4,35,15.9,12,"westbrook"
"5",5,5,"2016-11-03","27-357","OKC","Away","GSW","L ",-26,1,"28:52",4,15,0.267,2,4,0.5,10,14,0.714,1,5,6,10,1,2,6,3,20,13.9,-9,"westbrook"
"6",6,6,"2016-11-05","27-359","OKC","Home","MIN","W ",20,1,"28:22",9,18,0.5,4,5,0.8,6,8,0.75,2,4,6,8,3,0,2,3,28,26.2,22,"westbrook"
"7",7,7,"2016-11-07","27-361","OKC","Home","MIA","W ",12,1,"26:39",5,16,0.313,1,6,0.167,3,3,1,2,3,5,11,0,0,5,2,14,9,24,"westbrook"
"8",8,8,"2016-11-09","27-363","OKC","Home","TOR","L ",-10,1,"38:46",9,26,0.346,3,12,0.25,15,18,0.833,2,5,7,7,1,2,8,2,36,21.6,-4,"westbrook"
"9",9,9,"2016-11-11","27-365","OKC","Home","LAC","L ",-2,1,"35:16",9,25,0.36,3,5,0.6,8,9,0.889,1,13,14,9,1,0,4,5,29,20.6,-5,"westbrook"
"10",10,10,"2016-11-13","28-001","OKC","Home","ORL","L ",-2,1,"37:38",14,21,0.667,0,3,0,13,18,0.722,2,10,12,16,0,0,2,2,41,42.7,9,"westbrook"
"11",11,11,"2016-11-14","28-002","OKC","Away","DET","L ",-16,1,"33:34",11,21,0.524,0,2,0,11,12,0.917,2,13,15,8,0,0,7,4,33,24.6,-6,"westbrook"
"12",12,12,"2016-11-16","28-004","OKC","Home","HOU","W ",2,1,"36:06",9,20,0.45,2,4,0.5,10,11,0.909,1,6,7,9,2,0,6,0,30,24,12,"westbrook"
"13",13,13,"2016-11-18","28-006","OKC","Home","BRK","W ",19,1,"33:51",13,21,0.619,0,1,0,4,5,0.8,3,7,10,13,1,0,3,0,30,31.4,21,"westbrook"
"14",14,14,"2016-11-20","28-008","OKC","Home","IND","L ",-4,1,"40:20",13,34,0.382,2,8,0.25,3,5,0.6,5,6,11,15,2,0,7,3,31,21.2,-16,"westbrook"
"15",15,15,"2016-11-22","28-010","OKC","Away","LAL","L ",-2,1,"35:31",13,30,0.433,4,9,0.444,4,5,0.8,3,5,8,13,2,0,8,3,34,23.3,9,"westbrook"
"16",16,16,"2016-11-23","28-011","OKC","Away","SAC","L ",-15,1,"35:04",7,18,0.389,1,5,0.2,16,19,0.842,1,10,11,9,2,0,3,1,31,28.6,-7,"westbrook"
"17",17,17,"2016-11-25","28-013","OKC","Away","DEN","W ",3,1,"41:14",9,25,0.36,3,4,0.75,15,17,0.882,1,10,11,17,1,1,7,3,36,30.4,10,"westbrook"
"18",18,18,"2016-11-26","28-014","OKC","Home","DET","W ",18,1,"37:19",8,22,0.364,0,5,0,1,2,0.5,3,10,13,15,1,1,5,2,17,15.9,14,"westbrook"
"19",19,19,"2016-11-28","28-016","OKC","Away","NYK","W ",9,1,"36:22",9,23,0.391,2,3,0.667,7,7,1,5,12,17,14,2,0,7,3,27,25.2,5,"westbrook"
"20",20,20,"2016-11-30","28-018","OKC","Home","WAS","W ",11,1,"41:07",12,35,0.343,1,6,0.167,10,10,1,4,10,14,11,2,0,5,3,35,24.6,4,"westbrook"
"21",21,21,"2016-12-04","28-022","OKC","Home","NOP","W ",9,1,"37:31",10,23,0.435,2,8,0.25,6,9,0.667,1,16,17,12,1,0,10,1,28,19.2,13,"westbrook"
"22",22,22,"2016-12-05","28-023","OKC","Away","ATL","W ",3,1,"33:52",10,22,0.455,3,8,0.375,9,14,0.643,1,12,13,12,1,1,4,1,32,28.6,-4,"westbrook"
"23",23,23,"2016-12-09","28-027","OKC","Home","HOU","L ",-3,1,"35:36",8,25,0.32,0,7,0,11,12,0.917,1,9,10,10,3,0,8,3,27,16.5,-1,"westbrook"
"24",24,24,"2016-12-11","28-029","OKC","Home","BOS","W ",3,1,"36:12",14,26,0.538,2,5,0.4,7,12,0.583,3,9,12,6,2,0,7,3,37,25.2,9,"westbrook"
"25",25,25,"2016-12-13","28-031","OKC","Away","POR","L ",-19,1,"27:21",7,19,0.368,2,5,0.4,4,4,1,2,4,6,6,0,0,4,1,20,11.9,-10,"westbrook"
"26",26,26,"2016-12-14","28-032","OKC","Away","UTA","L ",-20,1,"30:38",7,25,0.28,2,5,0.4,11,13,0.846,1,5,6,5,1,0,5,4,27,11.6,-6,"westbrook"
"27",27,27,"2016-12-17","28-035","OKC","Home","PHO","W ",13,1,"34:01",9,17,0.529,1,2,0.5,7,7,1,0,11,11,22,2,1,5,3,26,32.9,16,"westbrook"
"28",28,28,"2016-12-19","28-037","OKC","Home","ATL","L ",-2,1,"35:25",16,33,0.485,3,10,0.3,11,13,0.846,2,9,11,7,1,0,4,2,46,33.7,-2,"westbrook"
"29",29,29,"2016-12-21","28-039","OKC","Away","NOP","W ",11,1,"33:35",12,26,0.462,2,7,0.286,16,18,0.889,1,9,10,7,1,0,4,2,42,32.3,-4,"westbrook"
"30",30,30,"2016-12-23","28-041","OKC","Away","BOS","W ",5,1,"34:50",13,25,0.52,5,7,0.714,14,16,0.875,1,10,11,11,1,0,4,1,45,39.9,9,"westbrook"
"31",31,31,"2016-12-25","28-043","OKC","Home","MIN","W ",12,1,"32:49",11,25,0.44,1,4,0.25,8,9,0.889,3,4,7,15,1,1,5,2,31,27.2,12,"westbrook"
"32",32,32,"2016-12-27","28-045","OKC","Away","MIA","W ",12,1,"36:39",11,22,0.5,0,1,0,7,10,0.7,0,17,17,11,0,0,7,0,29,22.6,12,"westbrook"
"33",33,33,"2016-12-29","28-047","OKC","Away","MEM","L ",-34,1,"23:23",6,19,0.316,2,6,0.333,7,10,0.7,2,3,5,0,2,0,6,3,21,6,-11,"westbrook"
"34",34,34,"2016-12-31","28-049","OKC","Home","LAC","W ",26,1,"28:48",6,11,0.545,0,2,0,5,6,0.833,0,12,12,14,2,0,1,0,17,25.7,26,"westbrook"
"35",35,35,"2017-01-02","28-051","OKC","Away","MIL","L ",-4,1,"35:55",9,28,0.321,2,10,0.2,10,11,0.909,0,7,7,6,3,0,5,3,30,16.7,3,"westbrook"
"36",36,36,"2017-01-04","28-053","OKC","Away","CHO","L ",-11,1,"33:48",10,31,0.323,2,12,0.167,11,13,0.846,3,12,15,8,2,1,4,5,33,22.5,-8,"westbrook"
"37",37,37,"2017-01-05","28-054","OKC","Away","HOU","L ",-2,1,"37:31",16,34,0.471,8,15,0.533,9,11,0.818,1,7,8,5,2,0,5,2,49,33.3,2,"westbrook"
"38",38,38,"2017-01-07","28-056","OKC","Home","DEN","W ",15,1,"35:00",10,20,0.5,7,12,0.583,5,6,0.833,2,15,17,11,3,0,5,3,32,32,24,"westbrook"
"39",39,39,"2017-01-09","28-058","OKC","Away","CHI","W ",15,1,"33:19",9,18,0.5,1,7,0.143,2,3,0.667,0,9,9,14,1,0,4,2,21,20.3,10,"westbrook"
"40",40,40,"2017-01-11","28-060","OKC","Home","MEM","W ",8,1,"36:58",6,20,0.3,0,7,0,12,15,0.8,1,12,13,12,2,1,6,1,24,20.2,13,"westbrook"
"41",41,41,"2017-01-13","28-062","OKC","Away","MIN","L ",-10,1,"35:37",7,23,0.304,1,10,0.1,6,7,0.857,3,8,11,12,2,0,10,3,21,11,-10,"westbrook"
"42",42,42,"2017-01-15","28-064","OKC","Away","SAC","W ",4,1,"35:58",11,21,0.524,4,5,0.8,10,11,0.909,2,9,11,10,4,0,7,1,36,33,-1,"westbrook"
"43",43,43,"2017-01-16","28-065","OKC","Away","LAC","L ",-22,1,"29:17",7,19,0.368,2,7,0.286,8,9,0.889,1,4,5,4,2,0,4,2,24,15,-20,"westbrook"
"44",44,44,"2017-01-18","28-067","OKC","Away","GSW","L ",-21,1,"35:14",8,23,0.348,1,6,0.167,10,11,0.909,4,11,15,13,2,2,10,5,27,20.3,-19,"westbrook"
"45",45,45,"2017-01-23","28-072","OKC","Away","UTA","W ",2,1,"36:14",11,29,0.379,3,7,0.429,13,17,0.765,1,10,11,10,4,1,6,3,38,28.7,4,"westbrook"
"46",46,46,"2017-01-25","28-074","OKC","Away","NOP","W ",9,1,"35:40",7,22,0.318,4,9,0.444,9,12,0.75,1,11,12,10,1,1,8,3,27,16.7,-1,"westbrook"
"47",47,47,"2017-01-26","28-075","OKC","Home","DAL","W ",11,1,"35:10",16,29,0.552,4,8,0.5,9,11,0.818,1,7,8,3,2,0,4,2,45,32.4,19,"westbrook"
"48",48,48,"2017-01-29","28-078","OKC","Away","CLE","L ",-16,1,"36:22",7,26,0.269,1,6,0.167,5,8,0.625,5,7,12,10,1,1,4,3,20,12.5,-19,"westbrook"
"49",49,49,"2017-01-31","28-080","OKC","Away","SAS","L ",-14,1,"33:44",7,17,0.412,3,7,0.429,10,10,1,1,5,6,14,1,0,6,4,27,23.3,8,"westbrook"
"50",50,50,"2017-02-01","28-081","OKC","Home","CHI","L ",-28,1,"29:25",10,23,0.435,2,7,0.286,6,8,0.75,1,4,5,8,2,1,3,1,28,21.9,-23,"westbrook"
"51",51,51,"2017-02-03","28-083","OKC","Home","MEM","W ",12,1,"37:39",8,20,0.4,5,7,0.714,17,17,1,2,11,13,12,3,0,5,2,38,37.5,17,"westbrook"
"52",52,52,"2017-02-05","28-085","OKC","Home","POR","W ",6,1,"35:10",16,34,0.471,1,6,0.167,9,11,0.818,1,3,4,8,0,0,4,3,42,25.8,7,"westbrook"
"53",53,53,"2017-02-06","28-086","OKC","Away","IND","L ",-3,1,"37:07",10,27,0.37,4,10,0.4,3,4,0.75,2,16,18,9,1,2,4,3,27,21.4,1,"westbrook"
"54",54,54,"2017-02-09","28-089","OKC","Home","CLE","W ",9,1,"35:23",11,27,0.407,2,6,0.333,5,5,1,1,11,12,11,4,0,7,4,29,21.6,3,"westbrook"
"55",55,55,"2017-02-11","28-091","OKC","Home","GSW","L ",-16,1,"37:09",14,26,0.538,3,10,0.3,16,18,0.889,1,10,11,8,1,0,11,5,47,30.9,-13,"westbrook"
"56",56,56,"2017-02-13","28-093","OKC","Away","WAS","L ",-22,1,"24:12",5,19,0.263,0,4,0,7,7,1,2,2,4,4,2,0,2,0,17,10.5,-36,"westbrook"
"57",57,57,"2017-02-15","28-095","OKC","Home","NYK","W ",11,1,"37:44",13,22,0.591,3,5,0.6,9,13,0.692,3,11,14,12,3,1,6,0,38,37.7,13,"westbrook"
"58",58,58,"2017-02-24","28-104","OKC","Home","LAL","W ",17,1,"35:16",4,18,0.222,1,5,0.2,8,9,0.889,2,16,18,17,3,0,6,1,17,20.3,19,"westbrook"
"59",59,59,"2017-02-26","28-106","OKC","Home","NOP","W ",8,1,"36:53",14,29,0.483,2,8,0.25,11,12,0.917,2,9,11,11,1,0,9,2,41,28.9,4,"westbrook"
"60",60,60,"2017-02-28","28-108","OKC","Home","UTA","W ",3,1,"38:47",13,28,0.464,6,9,0.667,11,12,0.917,0,11,11,10,0,0,8,1,43,30.1,10,"westbrook"
"61",61,61,"2017-03-02","28-110","OKC","Away","POR","L ",-5,1,"36:52",12,36,0.333,6,16,0.375,15,15,1,2,5,7,4,1,1,4,0,45,28,-7,"westbrook"
"62",62,62,"2017-03-03","28-111","OKC","Away","PHO","L ",-7,1,"38:05",14,30,0.467,3,12,0.25,17,18,0.944,1,16,17,9,3,0,4,4,48,41.4,10,"westbrook"
"63",63,63,"2017-03-05","28-113","OKC","Away","DAL","L ",-15,1,"34:01",8,24,0.333,2,10,0.2,11,13,0.846,0,6,6,5,2,1,1,4,29,20,-14,"westbrook"
"64",64,64,"2017-03-07","28-115","OKC","Home","POR","L ",-5,1,"35:56",21,39,0.538,3,9,0.333,13,16,0.813,1,2,3,9,3,1,4,4,58,43.6,7,"westbrook"
"65",65,65,"2017-03-09","28-117","OKC","Home","SAS","W ",10,1,"35:08",7,21,0.333,1,6,0.167,8,9,0.889,3,10,13,13,2,0,3,2,23,23.1,12,"westbrook"
"66",66,66,"2017-03-11","28-119","OKC","Home","UTA","W ",8,1,"36:18",9,26,0.346,3,10,0.3,12,13,0.923,1,10,11,14,2,2,5,1,33,29.5,12,"westbrook"
"67",67,67,"2017-03-14","28-122","OKC","Away","BRK","W ",18,1,"34:42",6,18,0.333,2,7,0.286,11,13,0.846,1,11,12,19,2,1,5,3,25,27.8,7,"westbrook"
"68",68,68,"2017-03-16","28-124","OKC","Away","TOR","W ",21,1,"27:50",8,17,0.471,4,8,0.5,4,4,1,0,10,10,16,1,0,2,2,24,27.7,26,"westbrook"
"69",69,69,"2017-03-18","28-126","OKC","Home","SAC","W ",16,1,"35:59",9,20,0.45,4,9,0.444,6,7,0.857,3,5,8,10,4,0,7,1,28,24.4,13,"westbrook"
"70",70,70,"2017-03-20","28-128","OKC","Home","GSW","L ",-16,1,"27:13",4,16,0.25,1,6,0.167,6,7,0.857,0,8,8,7,2,0,5,4,15,7.7,-25,"westbrook"
"72",72,72,"2017-03-26","28-134","OKC","Away","HOU","L ",-12,1,"38:58",13,24,0.542,3,9,0.333,10,16,0.625,0,11,11,13,0,0,5,4,39,30.8,-14,"westbrook"
"73",73,73,"2017-03-27","28-135","OKC","Away","DAL","W ",1,1,"36:21",15,30,0.5,2,9,0.222,5,5,1,0,13,13,10,2,0,6,0,37,28.9,12,"westbrook"
"74",74,74,"2017-03-29","28-137","OKC","Away","ORL","W ",8,1,"41:49",21,40,0.525,6,15,0.4,9,11,0.818,3,10,13,11,3,0,7,3,57,44.2,8,"westbrook"
"75",75,75,"2017-03-31","28-139","OKC","Home","SAS","L ",-5,1,"36:59",8,22,0.364,2,7,0.286,14,15,0.933,2,13,15,12,0,0,8,1,32,24.7,-10,"westbrook"
"76",76,76,"2017-04-02","28-141","OKC","Home","CHO","L ",-12,1,"36:12",14,31,0.452,7,15,0.467,5,5,1,1,12,13,10,2,0,8,1,40,28.8,-6,"westbrook"
"77",77,77,"2017-04-04","28-143","OKC","Home","MIL","W ",31,1,"27:05",4,12,0.333,2,4,0.5,2,2,1,3,10,13,13,2,0,3,2,12,17.6,19,"westbrook"
"78",78,78,"2017-04-05","28-144","OKC","Away","MEM","W ",3,1,"37:32",14,25,0.56,8,13,0.615,9,12,0.75,0,9,9,10,4,0,7,4,45,37,2,"westbrook"
"79",79,79,"2017-04-07","28-146","OKC","Away","PHO","L ",-21,1,"36:24",6,25,0.24,2,12,0.167,9,9,1,6,6,12,8,0,1,8,5,23,10.2,-15,"westbrook"
"80",80,80,"2017-04-09","28-148","OKC","Away","DEN","W ",1,1,"36:57",17,32,0.531,5,12,0.417,11,11,1,2,14,16,10,1,0,2,1,50,45.6,10,"westbrook"
"83",1,1,"2016-10-26","27-061","HOU","Away","LAL","L ",-6,1,"37:11",9,19,0.474,1,7,0.143,15,16,0.938,3,4,7,17,1,0,7,5,34,31.1,10,"harden"
"84",2,2,"2016-10-28","27-063","HOU","Away","DAL","W ",8,1,"35:51",9,18,0.5,4,9,0.444,4,5,0.8,1,6,7,8,1,0,4,4,26,20.1,7,"harden"
"85",3,3,"2016-10-30","27-065","HOU","Home","DAL","W ",1,1,"38:37",8,23,0.348,3,9,0.333,9,12,0.75,1,6,7,8,1,0,8,4,28,13.4,1,"harden"
"86",4,4,"2016-11-01","27-067","HOU","Away","CLE","L ",-8,1,"38:10",13,20,0.65,5,9,0.556,10,14,0.714,1,6,7,15,1,0,1,3,41,42.4,10,"harden"
"87",5,5,"2016-11-02","27-068","HOU","Away","NYK","W ",19,1,"33:56",9,16,0.563,5,12,0.417,7,8,0.875,1,5,6,15,2,0,3,1,30,33.3,21,"harden"
"88",6,6,"2016-11-05","27-071","HOU","Away","ATL","L ",-15,1,"36:55",10,19,0.526,4,8,0.5,6,7,0.857,1,8,9,11,3,0,8,4,30,24.5,-8,"harden"
"89",7,7,"2016-11-07","27-073","HOU","Away","WAS","W ",8,1,"39:48",9,19,0.474,3,7,0.429,11,11,1,0,5,5,15,0,0,7,2,32,26.5,8,"harden"
"90",8,8,"2016-11-09","27-075","HOU","Away","SAS","W ",2,1,"40:50",9,19,0.474,1,5,0.2,5,7,0.714,2,10,12,15,1,0,8,1,24,21,12,"harden"
"91",9,9,"2016-11-12","27-078","HOU","Home","SAS","L ",-6,1,"38:56",7,18,0.389,2,9,0.222,9,11,0.818,5,6,11,13,0,0,7,1,25,21.4,1,"harden"
"92",10,10,"2016-11-14","27-080","HOU","Home","PHI","W ",27,1,"33:01",12,20,0.6,4,8,0.5,5,5,1,1,6,7,9,1,1,5,2,33,28.5,22,"harden"
"93",11,11,"2016-11-16","27-082","HOU","Away","OKC","L ",-2,1,"36:44",4,16,0.25,1,5,0.2,4,7,0.571,3,4,7,13,3,0,6,1,13,11.2,-5,"harden"
"94",12,12,"2016-11-17","27-083","HOU","Home","POR","W ",17,1,"31:37",7,17,0.412,3,8,0.375,9,11,0.818,1,11,12,14,3,0,4,3,26,27.7,23,"harden"
"95",13,13,"2016-11-19","27-085","HOU","Home","UTA","W ",9,1,"34:55",10,24,0.417,4,10,0.4,7,9,0.778,0,4,4,10,0,2,0,3,31,25.8,-2,"harden"
"96",14,14,"2016-11-21","27-087","HOU","Away","DET","W ",3,1,"37:38",6,17,0.353,2,9,0.222,14,19,0.737,2,6,8,11,0,1,6,2,28,21.3,6,"harden"
"97",15,15,"2016-11-23","27-089","HOU","Home","TOR","L ",-13,1,"40:32",7,13,0.538,3,8,0.375,12,12,1,0,6,6,15,2,0,12,4,29,23.4,-12,"harden"
"98",16,16,"2016-11-25","27-091","HOU","Away","SAC","W ",13,1,"39:59",6,18,0.333,3,11,0.273,8,8,1,1,8,9,10,0,0,5,2,23,17.1,10,"harden"
"99",17,17,"2016-11-27","27-093","HOU","Away","POR","W ",16,1,"34:29",11,22,0.5,5,12,0.417,11,13,0.846,1,1,2,10,2,1,5,3,38,30.7,8,"harden"
"100",18,18,"2016-11-29","27-095","HOU","Away","UTA","L ",-19,1,"35:08",8,23,0.348,2,6,0.333,8,10,0.8,3,2,5,7,2,0,2,3,26,18.7,-19,"harden"
"101",19,19,"2016-12-01","27-097","HOU","Away","GSW","W ",5,1,"45:48",8,23,0.348,2,11,0.182,11,14,0.786,1,14,15,13,2,1,7,4,29,23,-6,"harden"
"102",20,20,"2016-12-02","27-098","HOU","Away","DEN","W ",18,1,"33:15",6,16,0.375,1,5,0.2,7,8,0.875,1,6,7,9,1,1,5,3,20,15.1,12,"harden"
"103",21,21,"2016-12-05","27-101","HOU","Home","BOS","W ",1,1,"35:19",8,14,0.571,3,5,0.6,18,18,1,1,7,8,7,3,0,10,2,37,30.3,3,"harden"
"104",22,22,"2016-12-07","27-103","HOU","Home","LAL","W ",39,1,"29:47",8,14,0.571,4,7,0.571,5,6,0.833,0,6,6,7,4,0,4,0,25,24.7,19,"harden"
"105",23,23,"2016-12-09","27-105","HOU","Away","OKC","W ",3,1,"36:45",6,23,0.261,2,11,0.182,7,8,0.875,1,8,9,12,2,0,8,5,21,10.4,1,"harden"
"106",24,24,"2016-12-10","27-106","HOU","Home","DAL","W ",22,1,"39:55",4,12,0.333,2,8,0.25,8,10,0.8,0,9,9,16,2,0,4,1,18,21.9,20,"harden"
"107",25,25,"2016-12-12","27-108","HOU","Home","BRK","W ",4,1,"38:30",12,27,0.444,4,11,0.364,8,12,0.667,3,5,8,11,2,0,4,3,36,28.4,-2,"harden"
"108",26,26,"2016-12-14","27-110","HOU","Home","SAC","W ",34,1,"29:52",4,7,0.571,3,6,0.5,4,4,1,0,11,11,14,1,0,5,0,15,20.8,29,"harden"
"109",27,27,"2016-12-16","27-112","HOU","Home","NOP","W ",22,1,"33:50",7,15,0.467,6,12,0.5,9,11,0.818,2,9,11,13,0,0,4,2,29,28.9,14,"harden"
"110",28,28,"2016-12-17","27-113","HOU","Away","MIN","W ",2,1,"42:54",8,20,0.4,3,11,0.273,9,11,0.818,0,9,9,13,1,2,7,5,28,21.6,4,"harden"
"111",29,29,"2016-12-20","27-116","HOU","Home","SAS","L ",-2,1,"36:48",10,26,0.385,1,11,0.091,10,10,1,2,8,10,7,0,0,3,1,31,22.1,1,"harden"
"112",30,30,"2016-12-21","27-117","HOU","Away","PHO","W ",14,1,"34:46",8,18,0.444,5,11,0.455,6,8,0.75,1,4,5,14,1,0,2,1,27,27.1,4,"harden"
"113",31,31,"2016-12-23","27-119","HOU","Away","MEM","L ",-6,1,"36:11",6,13,0.462,2,6,0.333,2,3,0.667,1,6,7,17,1,0,9,5,16,13.3,11,"harden"
"114",32,32,"2016-12-26","27-122","HOU","Home","PHO","W ",16,1,"30:06",9,18,0.5,2,9,0.222,12,15,0.8,1,4,5,12,0,0,7,4,32,23.5,24,"harden"
"115",33,33,"2016-12-27","27-123","HOU","Away","DAL","W ",16,1,"29:57",9,16,0.563,4,7,0.571,12,12,1,2,3,5,11,0,1,7,2,34,29.3,13,"harden"
"116",34,34,"2016-12-30","27-126","HOU","Home","LAC","W ",24,1,"33:39",10,15,0.667,2,5,0.4,8,9,0.889,1,12,13,10,5,2,6,1,30,34.4,-1,"harden"
"117",35,35,"2016-12-31","27-127","HOU","Home","NYK","W ",7,1,"42:05",14,26,0.538,9,16,0.563,16,18,0.889,3,13,16,17,0,0,8,2,53,48.7,13,"harden"
"118",36,36,"2017-01-02","27-129","HOU","Home","WAS","W ",10,1,"42:04",6,24,0.25,2,11,0.182,9,10,0.9,1,9,10,10,3,0,6,1,23,15.2,14,"harden"
"119",37,37,"2017-01-05","27-132","HOU","Home","OKC","W ",2,1,"38:05",6,16,0.375,2,7,0.286,12,14,0.857,1,7,8,12,1,1,6,2,26,22.5,2,"harden"
"120",38,38,"2017-01-06","27-133","HOU","Away","ORL","W ",7,1,"34:09",5,15,0.333,0,8,0,4,6,0.667,1,5,6,10,1,0,6,4,14,7.3,-6,"harden"
"121",39,39,"2017-01-08","27-135","HOU","Away","TOR","W ",7,1,"37:51",13,26,0.5,4,9,0.444,10,10,1,3,7,10,11,2,2,10,3,40,31.1,-3,"harden"
"122",40,40,"2017-01-10","27-137","HOU","Home","CHO","W ",7,1,"37:47",11,24,0.458,7,14,0.5,11,14,0.786,1,14,15,10,0,0,4,3,40,33.1,2,"harden"
"123",41,41,"2017-01-11","27-138","HOU","Away","MIN","L ",-14,1,"38:38",10,23,0.435,2,11,0.182,11,13,0.846,0,6,6,12,1,2,6,0,33,26.7,-10,"harden"
"124",42,42,"2017-01-13","27-140","HOU","Home","MEM","L ",-5,1,"36:43",6,14,0.429,2,7,0.286,13,14,0.929,0,3,3,9,1,0,7,3,27,19.2,-2,"harden"
"125",43,43,"2017-01-15","27-142","HOU","Away","BRK","W ",25,1,"31:31",6,16,0.375,4,9,0.444,6,7,0.857,2,10,12,11,1,0,7,4,22,17.3,18,"harden"
"126",44,44,"2017-01-17","27-144","HOU","Away","MIA","L ",-6,1,"39:20",12,30,0.4,4,15,0.267,12,13,0.923,1,11,12,10,2,0,6,3,40,29.2,0,"harden"
"127",45,45,"2017-01-18","27-145","HOU","Home","MIL","W ",19,1,"36:42",14,25,0.56,4,11,0.364,6,6,1,0,6,6,8,0,2,2,2,38,32.1,21,"harden"
"128",46,46,"2017-01-20","27-147","HOU","Home","GSW","L ",-17,1,"34:56",6,13,0.462,0,5,0,5,5,1,0,6,6,11,1,0,7,3,17,12.6,-20,"harden"
"129",47,47,"2017-01-21","27-148","HOU","Away","MEM","W ",24,1,"33:53",7,9,0.778,4,6,0.667,11,12,0.917,1,5,6,10,3,2,6,3,29,31.5,21,"harden"
"130",48,48,"2017-01-23","27-150","HOU","Away","MIL","L ",-13,1,"39:33",6,10,0.6,2,4,0.5,12,14,0.857,0,8,8,12,3,1,11,3,26,22.9,5,"harden"
"131",49,49,"2017-01-25","27-152","HOU","Away","BOS","L ",-11,1,"37:01",6,18,0.333,2,11,0.182,16,19,0.842,0,6,6,12,1,1,7,3,30,22.3,-14,"harden"
"132",50,50,"2017-01-27","27-154","HOU","Away","PHI","W ",5,1,"39:09",16,28,0.571,6,11,0.545,13,14,0.929,1,12,13,13,2,1,5,4,51,46.9,13,"harden"
"133",51,51,"2017-01-29","27-156","HOU","Away","IND","L ",-19,1,"31:49",3,17,0.176,2,10,0.2,7,7,1,1,4,5,8,3,0,8,5,15,4.8,-23,"harden"
"134",52,52,"2017-01-31","27-158","HOU","Home","SAC","W ",22,1,"31:44",3,9,0.333,0,5,0,4,4,1,0,7,7,8,1,0,5,2,10,7.8,17,"harden"
"135",53,53,"2017-02-02","27-160","HOU","Home","ATL","L ",-5,1,"38:35",10,23,0.435,5,12,0.417,16,21,0.762,2,6,8,8,4,0,4,3,41,34.5,1,"harden"
"136",54,54,"2017-02-03","27-161","HOU","Home","CHI","W ",4,1,"43:42",13,33,0.394,5,13,0.385,11,14,0.786,1,11,12,9,1,1,2,4,42,31.3,-11,"harden"
"137",55,55,"2017-02-07","27-165","HOU","Home","ORL","W ",24,1,"36:00",6,21,0.286,3,10,0.3,10,14,0.714,1,5,6,13,3,0,4,1,25,21,18,"harden"
"138",56,56,"2017-02-09","27-167","HOU","Away","CHO","W ",12,1,"39:27",8,21,0.381,4,9,0.444,10,12,0.833,1,10,11,8,1,1,9,4,30,18.1,13,"harden"
"139",57,57,"2017-02-11","27-169","HOU","Home","PHO","W ",31,1,"29:13",9,17,0.529,8,15,0.533,14,16,0.875,1,5,6,8,0,0,8,2,40,29.9,26,"harden"
"140",58,58,"2017-02-15","27-173","HOU","Home","MIA","L ",-8,1,"41:43",10,21,0.476,4,10,0.4,14,16,0.875,3,9,12,12,0,1,4,5,38,34.4,-6,"harden"
"141",59,59,"2017-02-23","27-181","HOU","Away","NOP","W ",30,1,"29:41",3,9,0.333,1,6,0.167,6,6,1,0,4,4,14,3,0,4,1,13,17.5,27,"harden"
"142",60,60,"2017-02-25","27-183","HOU","Home","MIN","W ",12,1,"35:08",6,15,0.4,5,11,0.455,7,10,0.7,0,5,5,10,2,1,7,1,24,18.5,4,"harden"
"143",61,61,"2017-02-27","27-185","HOU","Home","IND","L ",-9,1,"39:03",5,17,0.294,1,9,0.111,14,17,0.824,1,6,7,12,2,0,2,2,25,24,-9,"harden"
"144",62,62,"2017-03-01","27-187","HOU","Away","LAC","W ",19,1,"35:33",7,15,0.467,4,9,0.444,8,8,1,0,3,3,9,1,0,7,4,26,17.9,0,"harden"
"145",63,63,"2017-03-04","27-190","HOU","Home","MEM","W ",15,1,"36:20",9,15,0.6,6,10,0.6,9,13,0.692,1,6,7,11,2,0,5,2,33,30.9,13,"harden"
"146",64,64,"2017-03-06","27-192","HOU","Away","SAS","L ",-2,1,"36:00",13,20,0.65,6,9,0.667,7,8,0.875,1,2,3,12,0,0,7,2,39,31.7,-3,"harden"
"147",65,65,"2017-03-08","27-194","HOU","Home","UTA","L ",-7,1,"37:04",10,22,0.455,0,8,0,15,16,0.938,0,4,4,6,2,1,6,1,35,24.9,1,"harden"
"148",66,66,"2017-03-10","27-196","HOU","Away","CHI","W ",21,1,"33:16",6,16,0.375,3,9,0.333,4,5,0.8,0,7,7,13,3,0,6,3,19,16.8,18,"harden"
"149",67,67,"2017-03-12","27-198","HOU","Home","CLE","W ",5,1,"39:48",13,28,0.464,4,14,0.286,8,12,0.667,3,7,10,11,1,1,4,2,38,30.8,23,"harden"
"150",68,68,"2017-03-15","27-201","HOU","Home","LAL","W ",39,1,"31:10",6,12,0.5,1,6,0.167,5,7,0.714,3,9,12,13,2,0,9,2,18,17.3,10,"harden"
"151",69,69,"2017-03-17","27-203","HOU","Away","NOP","L ",-16,1,"39:35",12,21,0.571,4,10,0.4,13,14,0.929,2,12,14,11,2,0,5,2,41,39.6,-12,"harden"
"152",70,70,"2017-03-18","27-204","HOU","Away","DEN","W ",4,1,"36:52",11,23,0.478,3,8,0.375,15,17,0.882,0,10,10,10,2,0,8,3,40,30.3,10,"harden"
"153",71,71,"2017-03-20","27-206","HOU","Home","DEN","W ",1,1,"39:30",13,29,0.448,4,11,0.364,9,11,0.818,1,6,7,11,4,0,6,4,39,29.7,2,"harden"
"154",72,72,"2017-03-24","27-210","HOU","Home","NOP","W ",10,1,"37:45",12,24,0.5,5,12,0.417,9,11,0.818,1,6,7,17,2,1,3,2,38,38.5,12,"harden"
"155",73,73,"2017-03-26","27-212","HOU","Home","OKC","W ",12,1,"36:00",8,15,0.533,2,8,0.25,4,5,0.8,0,5,5,12,0,0,5,5,22,17.2,11,"harden"
"156",74,74,"2017-03-28","27-214","HOU","Home","GSW","L ",-7,1,"37:52",5,20,0.25,1,9,0.111,13,13,1,3,8,11,13,1,0,6,1,24,20.2,-9,"harden"
"157",75,75,"2017-03-30","27-216","HOU","Away","POR","L ",-10,1,"36:32",11,30,0.367,2,13,0.154,6,7,0.857,2,6,8,4,1,0,6,2,30,13.2,-3,"harden"
"158",76,76,"2017-03-31","27-217","HOU","Away","GSW","L ",-9,1,"34:49",4,17,0.235,2,9,0.222,7,7,1,4,8,12,8,0,1,6,3,17,11,-14,"harden"
"160",78,77,"2017-04-05","27-222","HOU","Home","DEN","W ",6,1,"38:36",8,19,0.421,4,10,0.4,11,15,0.733,0,7,7,10,1,3,4,3,31,26.3,4,"harden"
"161",79,78,"2017-04-07","27-224","HOU","Home","DET","L ",-5,1,"37:33",10,25,0.4,7,19,0.368,6,7,0.857,2,7,9,12,0,1,1,4,33,29.1,8,"harden"
"162",80,79,"2017-04-09","27-226","HOU","Away","SAC","W ",7,1,"36:00",9,22,0.409,5,13,0.385,12,13,0.923,0,11,11,15,1,0,10,2,35,26.8,8,"harden"
"163",81,80,"2017-04-10","27-227","HOU","Away","LAC","L ",-29,1,"24:22",2,9,0.222,1,6,0.167,9,14,0.643,1,6,7,6,1,0,5,5,14,7.2,-27,"harden"
"164",82,81,"2017-04-12","27-229","HOU","Home","MIN","W ",5,1,"34:55",8,13,0.615,5,10,0.5,6,8,0.75,1,9,10,12,4,1,4,3,27,31.6,19,"harden"
"165",1,1,"2016-10-25","31-300","CLE","Home","NYK","W ",29,1,"32:23",9,14,0.643,0,3,0,1,2,0.5,3,8,11,14,0,1,4,3,19,22.2,27,"james"
"166",2,2,"2016-10-28","31-303","CLE","Away","TOR","W ",3,1,"38:40",7,16,0.438,2,6,0.333,5,7,0.714,2,6,8,7,0,0,5,2,21,14.1,0,"james"
"167",3,3,"2016-10-29","31-304","CLE","Home","ORL","W ",6,1,"39:00",7,16,0.438,2,6,0.333,7,11,0.636,1,5,6,9,1,1,2,2,23,20.4,1,"james"
"168",4,4,"2016-11-01","31-307","CLE","Home","HOU","W ",8,1,"35:51",6,12,0.5,1,3,0.333,6,10,0.6,3,10,13,8,0,0,4,4,19,16.5,15,"james"
"169",5,5,"2016-11-03","31-309","CLE","Home","BOS","W ",6,1,"36:22",12,22,0.545,1,4,0.25,5,5,1,1,6,7,12,1,0,2,2,30,28.5,18,"james"
"170",6,6,"2016-11-05","31-311","CLE","Away","PHI","W ",1,1,"35:52",9,23,0.391,1,5,0.2,6,7,0.857,1,7,8,14,2,1,5,1,25,22,11,"james"
"171",7,7,"2016-11-08","31-314","CLE","Home","ATL","L ",-4,1,"36:52",8,17,0.471,2,5,0.4,5,5,1,2,7,9,5,3,0,1,3,23,22.1,7,"james"
"172",8,8,"2016-11-11","31-317","CLE","Away","WAS","W ",11,1,"38:06",9,18,0.5,3,4,0.75,6,9,0.667,0,10,10,5,2,2,6,1,27,20.3,7,"james"
"173",9,9,"2016-11-13","31-319","CLE","Home","CHO","W ",7,1,"38:42",8,21,0.381,2,5,0.4,1,2,0.5,0,8,8,8,1,1,3,0,19,13.8,12,"james"
"174",10,10,"2016-11-15","31-321","CLE","Home","TOR","W ",4,1,"38:04",10,15,0.667,2,5,0.4,6,10,0.6,0,9,9,15,1,0,5,2,28,28.3,1,"james"
"176",12,11,"2016-11-18","31-324","CLE","Home","DET","W ",23,1,"28:03",9,14,0.643,1,3,0.333,2,3,0.667,0,3,3,3,0,1,2,1,21,15.7,21,"james"
"177",13,12,"2016-11-23","31-329","CLE","Home","POR","W ",12,1,"37:30",11,21,0.524,2,3,0.667,7,8,0.875,1,9,10,13,3,0,3,0,31,32.8,17,"james"
"178",14,13,"2016-11-25","31-331","CLE","Home","DAL","W ",38,1,"29:03",6,13,0.462,2,5,0.4,5,5,1,0,5,5,11,1,0,4,1,19,18.1,33,"james"
"179",15,14,"2016-11-27","31-333","CLE","Away","PHI","W ",4,1,"41:30",9,19,0.474,1,4,0.25,7,9,0.778,2,8,10,13,1,0,5,0,26,24.4,2,"james"
"180",16,15,"2016-11-29","31-335","CLE","Away","MIL","L ",-17,1,"32:53",8,16,0.5,3,8,0.375,3,7,0.429,0,4,4,4,0,0,7,3,22,8.2,-12,"james"
"181",17,16,"2016-12-01","31-337","CLE","Home","LAC","L ",-19,1,"33:37",5,14,0.357,0,2,0,6,11,0.545,1,4,5,5,2,0,5,2,16,7.8,-20,"james"
"183",19,18,"2016-12-05","31-341","CLE","Away","TOR","W ",4,1,"42:01",12,26,0.462,2,7,0.286,8,9,0.889,3,5,8,7,2,0,1,2,34,28.9,9,"james"
"184",20,19,"2016-12-07","31-343","CLE","Away","NYK","W ",32,1,"32:27",7,10,0.7,1,2,0.5,10,14,0.714,2,4,6,7,1,2,4,2,25,24.3,32,"james"
"185",21,20,"2016-12-09","31-345","CLE","Home","MIA","W ",30,1,"37:19",12,22,0.545,1,3,0.333,2,4,0.5,2,6,8,8,3,0,3,2,27,23.6,21,"james"
"186",22,21,"2016-12-10","31-346","CLE","Home","CHO","W ",11,1,"42:27",17,24,0.708,5,10,0.5,5,9,0.556,1,8,9,10,3,1,5,3,44,40,-2,"james"
"187",23,22,"2016-12-13","31-349","CLE","Home","MEM","W ",17,1,"36:29",9,17,0.529,0,4,0,5,8,0.625,1,5,6,8,3,0,6,1,23,17.9,8,"james"
"189",25,23,"2016-12-17","31-353","CLE","Home","LAL","W ",11,1,"38:55",9,18,0.5,2,5,0.4,6,11,0.545,1,6,7,9,2,2,2,1,26,24.8,17,"james"
"190",26,24,"2016-12-20","31-356","CLE","Away","MIL","W ",6,1,"47:29",12,25,0.48,5,9,0.556,5,6,0.833,3,9,12,7,1,1,2,2,34,29.5,8,"james"
"191",27,25,"2016-12-21","31-357","CLE","Home","MIL","W ",11,1,"34:25",12,24,0.5,4,7,0.571,1,1,1,1,8,9,6,0,0,2,0,29,22.3,26,"james"
"192",28,26,"2016-12-23","31-359","CLE","Home","BRK","W ",20,1,"27:16",7,16,0.438,0,3,0,5,6,0.833,1,4,5,6,3,0,1,0,19,18.3,33,"james"
"193",29,27,"2016-12-25","31-361","CLE","Home","GSW","W ",1,1,"40:11",12,22,0.545,4,8,0.5,3,7,0.429,5,8,13,4,2,1,5,2,31,24.4,4,"james"
"195",31,28,"2016-12-29","31-365","CLE","Home","BOS","W ",6,1,"43:44",9,18,0.5,2,6,0.333,3,7,0.429,2,6,8,11,1,3,8,2,23,17.6,1,"james"
"196",32,29,"2016-12-31","32-001","CLE","Away","CHO","W ",12,1,"35:47",12,25,0.48,4,8,0.5,4,6,0.667,2,4,6,9,1,0,1,1,32,27,17,"james"
"197",33,30,"2017-01-02","32-003","CLE","Home","NOP","W ",8,1,"38:55",9,21,0.429,0,4,0,8,10,0.8,2,5,7,6,2,1,4,1,26,19.5,-4,"james"
"198",34,31,"2017-01-04","32-005","CLE","Home","CHI","L ",-12,1,"36:53",12,21,0.571,1,2,0.5,6,9,0.667,2,6,8,7,1,0,5,2,31,23.2,-13,"james"
"199",35,32,"2017-01-06","32-007","CLE","Away","BRK","W ",8,1,"35:17",14,20,0.7,0,1,0,8,10,0.8,0,9,9,6,3,0,5,2,36,30.9,20,"james"
"200",36,33,"2017-01-08","32-009","CLE","Away","PHO","W ",4,1,"39:31",11,17,0.647,2,4,0.5,4,6,0.667,3,5,8,4,1,0,7,3,28,18.9,-2,"james"
"201",37,34,"2017-01-10","32-011","CLE","Away","UTA","L ",-8,1,"36:55",10,20,0.5,3,6,0.5,6,7,0.857,1,5,6,5,4,0,4,0,29,24.3,-8,"james"
"202",38,35,"2017-01-11","32-012","CLE","Away","POR","L ",-16,1,"30:31",5,12,0.417,2,5,0.4,8,9,0.889,1,10,11,4,1,1,5,1,20,16,-7,"james"
"203",39,36,"2017-01-13","32-014","CLE","Away","SAC","W ",12,1,"41:41",6,12,0.5,1,4,0.25,3,3,1,0,2,2,15,1,1,5,2,16,17,16,"james"
"204",40,37,"2017-01-16","32-017","CLE","Away","GSW","L ",-35,1,"35:00",6,18,0.333,1,4,0.25,7,10,0.7,2,6,8,2,1,0,6,1,20,7.8,-32,"james"
"205",41,38,"2017-01-19","32-020","CLE","Home","PHO","W ",15,1,"39:08",8,12,0.667,0,2,0,5,8,0.625,0,9,9,15,1,2,4,2,21,25.4,14,"james"
"206",42,39,"2017-01-21","32-022","CLE","Home","SAS","L ",-3,1,"45:20",11,16,0.688,2,5,0.4,5,7,0.714,0,6,6,7,2,0,7,5,29,21.1,-16,"james"
"207",43,40,"2017-01-23","32-024","CLE","Away","NOP","L ",-2,1,"43:43",11,21,0.524,1,4,0.25,3,4,0.75,2,8,10,12,2,0,6,2,26,22.7,-10,"james"
"208",44,41,"2017-01-25","32-026","CLE","Home","SAC","L ",-4,1,"44:49",8,15,0.533,0,3,0,8,11,0.727,4,9,13,11,2,1,5,3,24,25.2,-1,"james"
"209",45,42,"2017-01-27","32-028","CLE","Home","BRK","W ",8,1,"34:14",13,18,0.722,1,3,0.333,4,7,0.571,0,5,5,11,0,0,5,1,31,26.2,22,"james"
"210",46,43,"2017-01-29","32-030","CLE","Home","OKC","W ",16,1,"36:50",9,18,0.5,0,2,0,7,10,0.7,1,13,14,8,1,0,2,1,25,23.6,11,"james"
"211",47,44,"2017-01-30","32-031","CLE","Away","DAL","L ",-7,1,"37:17",9,19,0.474,1,6,0.167,4,8,0.5,0,9,9,9,2,0,5,0,23,17.7,-8,"james"
"212",48,45,"2017-02-01","32-033","CLE","Home","MIN","W ",28,1,"34:28",11,14,0.786,1,2,0.5,4,7,0.571,0,8,8,12,2,1,2,1,27,31.5,16,"james"
"213",49,46,"2017-02-04","32-036","CLE","Away","NYK","W ",7,1,"39:35",12,20,0.6,4,8,0.5,4,5,0.8,0,5,5,10,0,0,5,1,32,25.5,11,"james"
"214",50,47,"2017-02-06","32-038","CLE","Away","WAS","W ",5,1,"42:04",12,18,0.667,6,8,0.75,2,5,0.4,0,7,7,17,2,2,6,6,32,32,0,"james"
"215",51,48,"2017-02-08","32-040","CLE","Away","IND","W ",15,1,"38:16",9,16,0.563,1,2,0.5,6,8,0.75,1,5,6,9,1,1,4,2,25,22,8,"james"
"216",52,49,"2017-02-09","32-041","CLE","Away","OKC","L ",-9,1,"40:53",8,19,0.421,1,4,0.25,1,3,0.333,1,4,5,7,2,2,3,1,18,13.9,-4,"james"
"217",53,50,"2017-02-11","32-043","CLE","Home","DEN","W ",16,1,"33:09",11,16,0.688,1,1,1,4,4,1,0,5,5,12,2,0,6,1,27,25.7,26,"james"
"218",54,51,"2017-02-14","32-046","CLE","Away","MIN","W ",8,1,"39:30",10,14,0.714,2,3,0.667,3,6,0.5,1,7,8,14,0,0,6,3,25,23.4,10,"james"
"219",55,52,"2017-02-15","32-047","CLE","Home","IND","W ",9,1,"32:35",12,17,0.706,4,5,0.8,3,4,0.75,0,5,5,4,1,0,4,2,31,24,9,"james"
"220",56,53,"2017-02-23","32-055","CLE","Home","NYK","W ",15,1,"37:06",7,11,0.636,0,2,0,4,6,0.667,0,13,13,15,0,3,6,1,18,22.4,10,"james"
"222",58,54,"2017-02-27","32-059","CLE","Home","MIL","W ",7,1,"37:11",8,12,0.667,1,2,0.5,7,9,0.778,0,10,10,6,0,0,3,1,24,21.8,8,"james"
"223",59,55,"2017-03-01","32-061","CLE","Away","BOS","L ",-4,1,"40:02",10,21,0.476,3,6,0.5,5,8,0.625,5,8,13,10,1,1,4,3,28,25.5,-3,"james"
"224",60,56,"2017-03-03","32-063","CLE","Away","ATL","W ",5,1,"39:10",14,27,0.519,6,10,0.6,4,8,0.5,1,12,13,8,0,0,2,4,38,29.4,5,"james"
"226",62,57,"2017-03-06","32-066","CLE","Home","MIA","L ",-8,1,"38:41",11,22,0.5,2,5,0.4,6,10,0.6,3,14,17,6,1,1,3,2,30,25.8,14,"james"
"227",63,58,"2017-03-09","32-069","CLE","Away","DET","L ",-5,1,"39:05",12,22,0.545,0,6,0,5,8,0.625,4,10,14,10,1,0,3,1,29,27.6,18,"james"
"228",64,59,"2017-03-11","32-071","CLE","Away","ORL","W ",12,1,"37:34",8,14,0.571,2,5,0.4,6,10,0.6,0,12,12,12,0,1,4,3,24,23.3,12,"james"
"229",65,60,"2017-03-12","32-072","CLE","Away","HOU","L ",-5,1,"40:10",12,20,0.6,4,11,0.364,2,3,0.667,0,7,7,5,2,0,8,2,30,19.2,-9,"james"
"230",66,61,"2017-03-14","32-074","CLE","Home","DET","W ",32,1,"28:24",6,12,0.5,0,2,0,4,5,0.8,0,11,11,12,0,0,2,0,16,19.3,22,"james"
"231",67,62,"2017-03-16","32-076","CLE","Home","UTA","W ",8,1,"38:15",13,20,0.65,2,5,0.4,5,10,0.5,0,10,10,6,2,1,6,0,33,26.1,14,"james"
"233",69,63,"2017-03-19","32-079","CLE","Away","LAL","W ",5,1,"37:51",13,22,0.591,3,8,0.375,5,8,0.625,0,6,6,7,1,0,3,2,34,26.5,12,"james"
"234",70,64,"2017-03-22","32-082","CLE","Away","DEN","L ",-13,1,"34:10",8,12,0.667,0,2,0,2,4,0.5,2,4,6,5,0,0,4,1,18,13.7,-30,"james"
"235",71,65,"2017-03-24","32-084","CLE","Away","CHO","W ",7,1,"39:54",9,14,0.643,0,1,0,14,16,0.875,0,9,9,11,1,2,4,2,32,33,1,"james"
"236",72,66,"2017-03-25","32-085","CLE","Home","WAS","L ",-12,1,"40:35",10,21,0.476,0,4,0,4,6,0.667,3,8,11,8,0,1,3,2,24,19.5,-11,"james"
"237",73,67,"2017-03-27","32-087","CLE","Away","SAS","L ",-29,1,"29:32",7,17,0.412,0,3,0,3,6,0.5,3,5,8,8,0,0,2,3,17,12.7,-13,"james"
"238",74,68,"2017-03-30","32-090","CLE","Away","CHI","L ",-6,1,"39:07",11,20,0.55,1,7,0.143,3,7,0.429,1,9,10,8,1,1,4,0,26,21.5,-3,"james"
"239",75,69,"2017-03-31","32-091","CLE","Home","PHI","W ",17,1,"29:56",14,22,0.636,3,7,0.429,3,6,0.5,2,7,9,6,0,0,2,2,34,27.9,31,"james"
"240",76,70,"2017-04-02","32-093","CLE","Home","IND","W ",5,1,"51:39",16,29,0.552,3,10,0.3,6,12,0.5,4,10,14,11,2,1,1,4,41,38.3,-1,"james"
"241",77,71,"2017-04-04","32-095","CLE","Home","ORL","W ",20,1,"37:06",7,14,0.5,0,3,0,4,6,0.667,1,10,11,11,2,1,6,2,18,17.5,17,"james"
"242",78,72,"2017-04-05","32-096","CLE","Away","BOS","W ",23,1,"38:33",14,22,0.636,1,4,0.25,7,7,1,2,8,10,6,1,2,3,3,36,32.4,32,"james"
"243",79,73,"2017-04-07","32-098","CLE","Home","ATL","L ",-14,1,"41:25",12,15,0.8,1,2,0.5,2,6,0.333,1,7,8,7,2,0,5,0,27,24.4,-15,"james"
"244",80,74,"2017-04-09","32-100","CLE","Away","ATL","L ",-1,1,"46:50",11,21,0.524,1,3,0.333,9,10,0.9,3,13,16,10,1,0,3,6,32,29.9,1,"james"
"247",1,1,"2016-10-25","25-118","SAS","Away","GSW","W ",29,1,"32:03",10,21,0.476,0,3,0,15,15,1,3,2,5,3,5,0,2,1,35,31.7,14,"leonard"
"248",2,2,"2016-10-27","25-120","SAS","Away","SAC","W ",8,1,"34:55",11,21,0.524,1,5,0.2,7,7,1,0,3,3,5,5,0,1,5,30,26.1,4,"leonard"
"249",3,3,"2016-10-29","25-122","SAS","Home","NOP","W ",19,1,"28:00",6,12,0.5,2,4,0.5,6,6,1,0,4,4,3,2,0,0,1,20,18.9,13,"leonard"
"250",4,4,"2016-10-30","25-123","SAS","Away","MIA","W ",7,1,"29:49",8,16,0.5,1,3,0.333,10,12,0.833,0,2,2,6,1,1,4,3,27,19.5,12,"leonard"
"251",5,5,"2016-11-01","25-125","SAS","Home","UTA","L ",-15,1,"35:47",10,18,0.556,5,7,0.714,5,5,1,0,7,7,2,2,0,2,1,30,24.5,-5,"leonard"
"252",6,6,"2016-11-04","25-128","SAS","Away","UTA","W ",14,1,"31:30",9,18,0.5,1,5,0.2,10,10,1,4,7,11,4,1,1,1,2,29,27.6,7,"leonard"
"253",7,7,"2016-11-05","25-129","SAS","Home","LAC","L ",-24,1,"27:55",3,13,0.231,0,3,0,8,8,1,1,5,6,1,1,1,2,1,14,8.3,-9,"leonard"
"254",8,8,"2016-11-09","25-133","SAS","Home","HOU","L ",-2,1,"38:59",11,26,0.423,4,6,0.667,8,8,1,2,5,7,1,1,2,2,1,34,23.8,-12,"leonard"
"255",9,9,"2016-11-11","25-135","SAS","Home","DET","W ",10,1,"37:12",5,18,0.278,4,5,0.8,3,3,1,0,4,4,1,4,0,2,1,17,9.9,-1,"leonard"
"256",10,10,"2016-11-12","25-136","SAS","Away","HOU","W ",6,1,"37:38",9,16,0.563,0,5,0,2,2,1,0,2,2,0,4,0,2,3,20,13.8,1,"leonard"
"257",11,11,"2016-11-14","25-138","SAS","Home","MIA","W ",4,1,"34:34",7,19,0.368,3,5,0.6,7,9,0.778,1,11,12,4,0,0,4,2,24,14.7,-1,"leonard"
"258",12,12,"2016-11-16","25-140","SAS","Away","SAC","W ",5,1,"32:02",7,14,0.5,4,9,0.444,2,2,1,2,4,6,1,4,1,1,1,20,19.6,25,"leonard"
"259",13,13,"2016-11-18","25-142","SAS","Away","LAL","W ",9,1,"39:12",7,15,0.467,2,7,0.286,7,8,0.875,1,11,12,7,2,0,3,0,23,22.8,10,"leonard"
"260",14,14,"2016-11-21","25-145","SAS","Home","DAL","W ",5,1,"33:48",8,19,0.421,1,1,1,7,8,0.875,2,7,9,4,1,0,1,2,24,19,-7,"leonard"
"261",15,15,"2016-11-23","25-147","SAS","Away","CHO","W ",5,1,"36:36",14,21,0.667,2,7,0.286,0,1,0,2,3,5,4,1,1,0,2,30,26.5,7,"leonard"
"262",16,16,"2016-11-25","25-149","SAS","Away","BOS","W ",6,1,"35:01",8,18,0.444,3,7,0.429,6,6,1,2,8,10,4,0,2,2,1,25,21.2,-2,"leonard"
"263",17,17,"2016-11-26","25-150","SAS","Away","WAS","W ",12,1,"35:37",5,14,0.357,1,6,0.167,8,10,0.8,0,1,1,5,3,0,3,1,19,13.8,8,"leonard"
"264",18,18,"2016-11-29","25-153","SAS","Home","ORL","L ",-12,1,"32:02",6,16,0.375,1,4,0.25,8,9,0.889,1,1,2,0,2,0,2,1,21,12.4,-18,"leonard"
"265",19,19,"2016-11-30","25-154","SAS","Away","DAL","W ",7,1,"31:02",5,16,0.313,2,5,0.4,9,12,0.75,1,6,7,2,2,0,2,1,21,14.1,5,"leonard"
"266",20,20,"2016-12-02","25-156","SAS","Home","WAS","W ",2,1,"34:18",9,18,0.5,2,4,0.5,3,3,1,1,4,5,2,2,0,1,1,23,17.9,-4,"leonard"
"267",21,21,"2016-12-05","25-159","SAS","Away","MIL","W ",1,1,"30:45",9,22,0.409,1,5,0.2,2,2,1,2,7,9,0,0,2,2,1,21,11.7,4,"leonard"
"268",22,22,"2016-12-06","25-160","SAS","Away","MIN","W ",14,1,"35:36",11,15,0.733,2,3,0.667,7,8,0.875,0,1,1,4,2,0,1,1,31,28.2,16,"leonard"
"269",23,23,"2016-12-08","25-162","SAS","Away","CHI","L ",-4,1,"38:07",10,19,0.526,1,2,0.5,3,3,1,3,5,8,5,1,0,2,3,24,19.6,-9,"leonard"
"270",24,24,"2016-12-10","25-164","SAS","Home","BRK","W ",29,1,"27:08",10,18,0.556,4,7,0.571,6,6,1,1,6,7,3,1,1,0,1,30,27.3,21,"leonard"
"271",25,25,"2016-12-14","25-168","SAS","Home","BOS","W ",7,1,"36:31",9,17,0.529,1,5,0.2,7,7,1,1,2,3,6,2,1,4,1,26,21.5,8,"leonard"
"272",26,26,"2016-12-15","25-169","SAS","Away","PHO","W ",15,1,"27:26",6,12,0.5,1,3,0.333,5,5,1,2,8,10,4,2,0,1,0,18,19.6,14,"leonard"
"273",27,27,"2016-12-18","25-172","SAS","Home","NOP","W ",13,1,"24:27",5,10,0.5,1,3,0.333,2,2,1,0,2,2,0,1,1,0,1,13,9.9,21,"leonard"
"274",28,28,"2016-12-20","25-174","SAS","Away","HOU","W ",2,1,"36:21",5,14,0.357,0,3,0,11,13,0.846,0,5,5,4,5,0,7,1,21,14.3,0,"leonard"
"275",29,29,"2016-12-22","25-176","SAS","Away","LAC","L ",-5,1,"34:04",8,19,0.421,1,3,0.333,10,11,0.909,4,5,9,5,1,2,4,2,27,21.9,-8,"leonard"
"276",30,30,"2016-12-23","25-177","SAS","Away","POR","W ",20,1,"31:43",9,15,0.6,5,7,0.714,10,10,1,0,3,3,2,1,0,2,2,33,26.6,13,"leonard"
"277",31,31,"2016-12-25","25-179","SAS","Home","CHI","W ",19,1,"37:38",7,14,0.5,3,5,0.6,8,8,1,4,6,10,5,3,1,2,1,25,27.4,22,"leonard"
"280",34,32,"2017-01-01","25-186","SAS","Away","ATL","L ",-2,1,"28:09",3,12,0.25,1,6,0.167,6,7,0.857,2,2,4,2,1,1,1,3,13,8.3,-7,"leonard"
"281",35,33,"2017-01-03","25-188","SAS","Home","TOR","W ",28,1,"28:10",8,12,0.667,5,7,0.714,4,5,0.8,1,3,4,2,2,3,0,2,25,25.7,38,"leonard"
"282",36,34,"2017-01-05","25-190","SAS","Away","DEN","W ",28,1,"36:12",9,19,0.474,3,6,0.5,3,4,0.75,1,5,6,5,0,2,1,2,24,19.2,26,"leonard"
"283",37,35,"2017-01-07","25-192","SAS","Home","CHO","W ",17,1,"32:53",7,18,0.389,3,10,0.3,2,2,1,0,2,2,3,0,1,2,2,19,9.8,2,"leonard"
"284",38,36,"2017-01-10","25-195","SAS","Home","MIL","L ",-2,1,"36:02",10,16,0.625,2,3,0.667,8,10,0.8,2,5,7,2,3,3,1,1,30,30,5,"leonard"
"285",39,37,"2017-01-12","25-197","SAS","Home","LAL","W ",40,1,"26:06",10,13,0.769,3,5,0.6,8,9,0.889,0,2,2,2,2,0,0,0,31,29.5,27,"leonard"
"286",40,38,"2017-01-14","25-199","SAS","Away","PHO","L ",-3,1,"32:23",12,20,0.6,2,5,0.4,12,14,0.857,1,3,4,3,1,0,3,2,38,28.9,-8,"leonard"
"287",41,39,"2017-01-17","25-202","SAS","Home","MIN","W ",8,1,"38:34",12,17,0.706,2,3,0.667,8,9,0.889,1,6,7,5,1,0,1,4,34,30.9,7,"leonard"
"288",42,40,"2017-01-19","25-204","SAS","Home","DEN","W ",14,1,"36:03",12,22,0.545,2,5,0.4,8,8,1,0,5,5,4,2,1,1,1,34,29,16,"leonard"
"289",43,41,"2017-01-21","25-206","SAS","Away","CLE","W ",3,1,"45:59",15,30,0.5,3,8,0.375,8,8,1,0,6,6,5,1,1,6,3,41,25.8,3,"leonard"
"292",46,42,"2017-01-27","25-212","SAS","Away","NOP","L ",-16,1,"30:26",6,16,0.375,2,6,0.333,9,9,1,1,5,6,6,1,0,4,2,23,16.8,2,"leonard"
"293",47,43,"2017-01-29","25-214","SAS","Home","DAL","L ",-4,1,"37:04",7,17,0.412,3,7,0.429,7,8,0.875,1,6,7,2,1,1,4,2,24,15.3,-10,"leonard"
"294",48,44,"2017-01-31","25-216","SAS","Home","OKC","W ",14,1,"35:36",13,26,0.5,1,4,0.25,9,11,0.818,1,7,8,4,0,2,3,0,36,26.2,4,"leonard"
"295",49,45,"2017-02-02","25-218","SAS","Home","PHI","W ",16,1,"25:17",8,17,0.471,0,2,0,3,5,0.6,4,4,8,5,2,2,4,1,19,16,8,"leonard"
"296",50,46,"2017-02-04","25-220","SAS","Home","DEN","W ",24,1,"31:48",6,13,0.462,1,6,0.167,6,8,0.75,1,5,6,5,2,2,2,0,19,18.6,18,"leonard"
"298",52,47,"2017-02-08","25-224","SAS","Away","PHI","W ",8,1,"36:49",9,18,0.5,3,7,0.429,11,11,1,1,5,6,5,0,0,2,2,32,25.9,14,"leonard"
"299",53,48,"2017-02-10","25-226","SAS","Away","DET","W ",11,1,"32:52",11,22,0.5,3,8,0.375,7,9,0.778,0,6,6,5,1,0,3,2,32,22.7,18,"leonard"
"300",54,49,"2017-02-12","25-228","SAS","Away","NYK","L ",-4,1,"35:42",13,27,0.481,1,7,0.143,9,11,0.818,2,7,9,4,4,0,3,3,36,27.6,0,"leonard"
"301",55,50,"2017-02-13","25-229","SAS","Away","IND","W ",4,1,"38:57",13,23,0.565,2,3,0.667,4,5,0.8,0,6,6,3,5,0,2,0,32,27.6,17,"leonard"
"302",56,51,"2017-02-15","25-231","SAS","Away","ORL","W ",28,1,"27:07",8,18,0.444,2,5,0.4,4,4,1,1,4,5,1,2,1,1,1,22,16.5,16,"leonard"
"303",57,52,"2017-02-24","25-240","SAS","Away","LAC","W ",8,1,"30:51",7,16,0.438,0,4,0,7,10,0.7,1,2,3,6,1,0,3,5,21,12.9,-1,"leonard"
"304",58,53,"2017-02-26","25-242","SAS","Away","LAL","W ",21,1,"25:32",9,18,0.5,2,7,0.286,5,6,0.833,1,2,3,1,0,0,2,0,25,15.6,19,"leonard"
"305",59,54,"2017-03-01","25-245","SAS","Home","IND","W ",1,1,"34:29",11,22,0.5,3,9,0.333,6,6,1,2,9,11,2,3,0,2,4,31,24.9,-11,"leonard"
"306",60,55,"2017-03-03","25-247","SAS","Away","NOP","W ",3,1,"39:46",11,26,0.423,1,5,0.2,8,10,0.8,1,6,7,6,3,0,1,1,31,24.7,4,"leonard"
"307",61,56,"2017-03-04","25-248","SAS","Home","MIN","W ",7,1,"43:55",11,25,0.44,1,5,0.2,11,12,0.917,1,9,10,5,6,1,1,1,34,32.7,18,"leonard"
"308",62,57,"2017-03-06","25-250","SAS","Home","HOU","W ",2,1,"39:00",12,18,0.667,4,5,0.8,11,11,1,0,6,6,5,1,2,1,1,39,37.5,4,"leonard"
"310",64,58,"2017-03-09","25-253","SAS","Away","OKC","L ",-10,1,"26:22",6,15,0.4,0,2,0,7,7,1,1,1,2,2,1,0,2,2,19,11.5,-1,"leonard"
"312",66,59,"2017-03-13","25-257","SAS","Home","ATL","W ",8,1,"38:50",10,24,0.417,3,8,0.375,8,10,0.8,0,5,5,4,0,1,5,4,31,15.8,10,"leonard"
"313",67,60,"2017-03-15","25-259","SAS","Home","POR","L ",-4,1,"36:31",12,21,0.571,4,7,0.571,6,7,0.857,0,9,9,6,3,2,2,4,34,31.4,0,"leonard"
"314",68,61,"2017-03-18","25-262","SAS","Away","MEM","L ",-8,1,"36:27",6,15,0.4,2,6,0.333,8,9,0.889,1,6,7,3,0,1,4,2,22,14,-12,"leonard"
"315",69,62,"2017-03-19","25-263","SAS","Home","SAC","W ",16,1,"26:11",3,12,0.25,1,6,0.167,5,6,0.833,1,1,2,3,2,0,0,1,12,9.1,17,"leonard"
"316",70,63,"2017-03-21","25-265","SAS","Away","MIN","W ",7,1,"30:45",7,13,0.538,0,5,0,8,10,0.8,0,3,3,4,3,1,3,2,22,18.5,4,"leonard"
"317",71,64,"2017-03-23","25-267","SAS","Home","MEM","W ",7,1,"38:11",7,15,0.467,1,5,0.2,4,7,0.571,3,4,7,4,1,0,2,2,19,14.4,2,"leonard"
"318",72,65,"2017-03-25","25-269","SAS","Home","NYK","W ",8,1,"39:13",11,18,0.611,4,6,0.667,3,5,0.6,0,5,5,5,1,2,2,1,29,25,12,"leonard"
"319",73,66,"2017-03-27","25-271","SAS","Home","CLE","W ",29,1,"29:55",11,21,0.524,0,7,0,3,3,1,0,6,6,6,3,1,2,2,25,21.6,30,"leonard"
"320",74,67,"2017-03-29","25-273","SAS","Home","GSW","L ",-12,1,"35:36",7,20,0.35,0,5,0,5,7,0.714,3,4,7,5,1,0,5,0,19,9.8,-4,"leonard"
"321",75,68,"2017-03-31","25-275","SAS","Away","OKC","W ",5,1,"38:06",10,22,0.455,2,9,0.222,6,8,0.75,2,6,8,2,3,2,0,2,28,24,13,"leonard"
"322",76,69,"2017-04-02","25-277","SAS","Home","UTA","W ",6,1,"35:51",8,15,0.533,3,3,1,6,7,0.857,2,2,4,7,0,2,3,1,25,22.2,-4,"leonard"
"323",77,70,"2017-04-04","25-279","SAS","Home","MEM","W ",6,1,"39:40",10,24,0.417,5,8,0.625,7,8,0.875,0,12,12,4,2,1,1,5,32,24.9,10,"leonard"
"326",80,72,"2017-04-08","25-283","SAS","Home","LAC","L ",-11,1,"34:40",10,19,0.526,5,8,0.625,3,4,0.75,0,5,5,5,1,0,3,1,28,20.9,-7,"leonard"
"327",81,73,"2017-04-10","25-285","SAS","Away","POR","L ",-1,1,"20:09",8,11,0.727,1,2,0.5,1,1,1,0,0,0,0,1,1,2,0,18,13.2,-2,"leonard"
"328",82,74,"2017-04-12","25-287","SAS","Away","UTA","L ",-4,1,"30:30",5,13,0.385,1,2,0.5,3,3,1,1,4,5,2,1,0,1,2,14,9.4,-3,"leonard"
"329",1,1,"2016-10-25","28-026","GSW","Home","SAS","L ",-29,1,"36:36",11,18,0.611,1,3,0.333,4,5,0.8,0,10,10,4,2,2,0,2,27,26.8,-13,"durant"
"330",2,2,"2016-10-28","28-029","GSW","Away","NOP","W ",8,1,"39:06",9,19,0.474,0,3,0,12,12,1,0,17,17,6,2,2,2,2,30,30.2,4,"durant"
"331",3,3,"2016-10-30","28-031","GSW","Away","PHO","W ",6,1,"37:56",10,16,0.625,2,4,0.5,15,16,0.938,0,4,4,4,4,1,4,2,37,33.3,18,"durant"
"332",4,4,"2016-11-01","28-033","GSW","Away","POR","W ",23,1,"30:43",9,15,0.6,0,3,0,2,3,0.667,1,4,5,2,4,1,2,3,20,17.5,12,"durant"
"333",5,5,"2016-11-03","28-035","GSW","Home","OKC","W ",26,1,"31:08",15,24,0.625,7,11,0.636,2,3,0.667,1,6,7,1,0,1,2,3,39,28.5,21,"durant"
"334",6,6,"2016-11-04","28-036","GSW","Away","LAL","L ",-20,1,"35:17",10,16,0.625,2,4,0.5,5,8,0.625,1,4,5,3,2,1,2,1,27,22.9,-17,"durant"
"335",7,7,"2016-11-07","28-039","GSW","Home","NOP","W ",10,1,"36:54",8,17,0.471,1,4,0.25,5,6,0.833,1,2,3,5,1,1,4,0,22,15.4,4,"durant"
"336",8,8,"2016-11-09","28-041","GSW","Home","DAL","W ",21,1,"35:15",10,16,0.625,4,7,0.571,4,5,0.8,0,10,10,4,0,1,3,3,28,22.7,19,"durant"
"337",9,9,"2016-11-10","28-042","GSW","Away","DEN","W ",24,1,"29:32",8,16,0.5,0,3,0,2,2,1,2,7,9,5,1,2,1,2,18,17.6,29,"durant"
"338",10,10,"2016-11-13","28-045","GSW","Home","PHO","W ",13,1,"37:37",10,21,0.476,2,5,0.4,7,7,1,0,9,9,5,1,2,4,2,29,22.1,13,"durant"
"339",11,11,"2016-11-16","28-048","GSW","Away","TOR","W ",6,1,"35:53",11,21,0.524,3,8,0.375,5,6,0.833,2,7,9,6,1,0,4,3,30,22.8,-6,"durant"
"340",12,12,"2016-11-18","28-050","GSW","Away","BOS","W ",16,1,"32:46",10,13,0.769,1,2,0.5,2,4,0.5,1,9,10,7,2,1,2,1,23,25.7,32,"durant"
"341",13,13,"2016-11-19","28-051","GSW","Away","MIL","W ",3,1,"35:57",10,17,0.588,5,8,0.625,8,11,0.727,0,6,6,5,2,1,0,5,33,29.9,3,"durant"
"342",14,14,"2016-11-21","28-053","GSW","Away","IND","W ",37,1,"27:29",3,9,0.333,1,4,0.25,7,7,1,0,11,11,6,2,2,1,0,14,18.8,27,"durant"
"343",15,15,"2016-11-23","28-055","GSW","Home","LAL","W ",43,1,"30:10",11,15,0.733,2,4,0.5,4,5,0.8,1,5,6,5,1,1,1,3,28,26.7,17,"durant"
"344",16,16,"2016-11-25","28-057","GSW","Away","LAL","W ",24,1,"33:20",11,19,0.579,3,6,0.5,4,6,0.667,1,5,6,9,1,2,2,4,29,26.6,36,"durant"
"345",17,17,"2016-11-26","28-058","GSW","Home","MIN","W ",13,1,"38:14",10,17,0.588,3,4,0.75,5,5,1,3,7,10,5,0,6,3,1,28,28.6,9,"durant"
"346",18,18,"2016-11-28","28-060","GSW","Home","ATL","W ",5,1,"36:24",8,16,0.5,1,3,0.333,8,8,1,0,14,14,3,1,2,4,1,25,21.3,-7,"durant"
"347",19,19,"2016-12-01","28-063","GSW","Home","HOU","L ",-5,1,"49:08",12,28,0.429,3,11,0.273,12,12,1,1,13,14,2,3,3,2,3,39,32.1,-5,"durant"
"348",20,20,"2016-12-03","28-065","GSW","Home","PHO","W ",29,1,"32:20",5,7,0.714,1,1,1,9,9,1,0,4,4,8,0,3,1,1,20,24.6,27,"durant"
"349",21,21,"2016-12-05","28-067","GSW","Home","IND","W ",36,1,"22:22",9,14,0.643,0,2,0,2,3,0.667,1,7,8,4,0,2,2,3,20,17.2,15,"durant"
"350",22,22,"2016-12-07","28-069","GSW","Away","LAC","W ",17,1,"31:51",5,17,0.294,1,5,0.2,5,6,0.833,0,8,8,7,1,0,0,3,16,12.8,14,"durant"
"351",23,23,"2016-12-08","28-070","GSW","Away","UTA","W ",7,1,"36:00",7,15,0.467,1,3,0.333,6,8,0.75,0,11,11,4,1,2,3,2,21,17.2,11,"durant"
"352",24,24,"2016-12-10","28-072","GSW","Away","MEM","L ",-21,1,"30:55",7,13,0.538,3,6,0.5,4,5,0.8,0,7,7,1,1,2,3,2,21,15.7,-22,"durant"
"353",25,25,"2016-12-11","28-073","GSW","Away","MIN","W ",8,1,"37:02",6,21,0.286,1,4,0.25,9,9,1,1,7,8,5,0,0,1,2,22,14.2,9,"durant"
"354",26,26,"2016-12-13","28-075","GSW","Away","NOP","W ",4,1,"37:14",10,19,0.526,1,3,0.333,6,7,0.857,0,2,2,3,0,2,3,2,27,17.6,1,"durant"
"356",28,28,"2016-12-17","28-079","GSW","Home","POR","W ",45,1,"30:44",11,13,0.846,4,5,0.8,8,10,0.8,1,10,11,4,2,1,5,2,34,31.9,33,"durant"
"357",29,29,"2016-12-20","28-082","GSW","Home","UTA","W ",30,1,"24:44",8,14,0.571,0,1,0,6,6,1,1,4,5,1,0,0,1,4,22,15.4,16,"durant"
"358",30,30,"2016-12-22","28-084","GSW","Away","BRK","W ",16,1,"33:32",10,23,0.435,1,7,0.143,5,6,0.833,0,9,9,7,3,1,0,2,26,24,10,"durant"
"359",31,31,"2016-12-23","28-085","GSW","Away","DET","W ",6,1,"31:34",13,18,0.722,3,4,0.75,3,4,0.75,0,8,8,3,0,0,4,5,32,22.7,16,"durant"
"360",32,32,"2016-12-25","28-087","GSW","Away","CLE","L ",-1,1,"38:10",11,23,0.478,2,8,0.25,12,12,1,0,15,15,3,1,1,0,2,36,31.8,0,"durant"
"361",33,33,"2016-12-28","28-090","GSW","Home","TOR","W ",10,1,"38:14",8,15,0.533,3,5,0.6,3,5,0.6,0,17,17,7,0,5,6,0,22,21.4,21,"durant"
"362",34,34,"2016-12-30","28-092","GSW","Home","DAL","W ",9,1,"35:26",7,14,0.5,2,7,0.286,3,4,0.75,0,11,11,10,0,0,4,0,19,17.9,9,"durant"
"364",36,36,"2017-01-04","28-097","GSW","Home","POR","W ",8,1,"37:31",9,16,0.563,3,8,0.375,9,9,1,0,5,5,4,2,3,2,3,30,27.6,22,"durant"
"365",37,37,"2017-01-06","28-099","GSW","Home","MEM","L ",-9,1,"42:32",7,17,0.412,0,5,0,13,18,0.722,2,11,13,4,0,3,4,1,27,21.1,6,"durant"
"366",38,38,"2017-01-08","28-101","GSW","Away","SAC","W ",11,1,"36:27",9,15,0.6,2,4,0.5,8,9,0.889,0,7,7,6,1,4,1,1,28,29.4,6,"durant"
"367",39,39,"2017-01-10","28-103","GSW","Home","MIA","W ",12,1,"36:35",10,21,0.476,3,6,0.5,5,5,1,1,7,8,0,1,2,2,2,28,19.7,5,"durant"
"368",40,40,"2017-01-12","28-105","GSW","Home","DET","W ",20,1,"31:23",10,15,0.667,3,5,0.6,2,2,1,0,6,6,9,1,0,3,0,25,24.6,24,"durant"
"370",42,42,"2017-01-18","28-111","GSW","Home","OKC","W ",21,1,"33:49",13,16,0.813,5,7,0.714,9,10,0.9,2,10,12,4,0,3,2,2,40,40.1,31,"durant"
"371",43,43,"2017-01-20","28-113","GSW","Away","HOU","W ",17,1,"33:44",12,19,0.632,2,7,0.286,6,7,0.857,0,4,4,7,2,2,1,2,32,30.8,25,"durant"
"372",44,44,"2017-01-22","28-115","GSW","Away","ORL","W ",20,1,"29:04",5,12,0.417,1,3,0.333,4,5,0.8,1,9,10,6,3,2,1,1,15,18.8,35,"durant"
"373",45,45,"2017-01-23","28-116","GSW","Away","MIA","L ",-3,1,"36:26",12,23,0.522,1,8,0.125,2,2,1,0,6,6,3,1,0,2,2,27,17.8,-9,"durant"
"374",46,46,"2017-01-25","28-118","GSW","Away","CHO","W ",10,1,"36:38",11,20,0.55,1,4,0.25,10,10,1,0,5,5,1,0,4,6,3,33,21.2,-1,"durant"
"375",47,47,"2017-01-28","28-121","GSW","Home","LAC","W ",46,1,"28:41",9,11,0.818,3,4,0.75,2,2,1,1,3,4,7,1,1,0,1,23,26.7,32,"durant"
"376",48,48,"2017-01-29","28-122","GSW","Away","POR","W ",2,1,"36:01",13,26,0.5,1,7,0.143,6,6,1,2,8,10,6,0,1,7,2,33,20.9,-3,"durant"
"377",49,49,"2017-02-01","28-125","GSW","Home","CHO","W ",15,1,"32:39",7,17,0.412,1,7,0.143,3,3,1,2,6,8,8,1,0,1,0,18,17.7,27,"durant"
"378",50,50,"2017-02-02","28-126","GSW","Away","LAC","W ",13,1,"37:12",8,18,0.444,2,7,0.286,8,8,1,0,8,8,10,1,0,0,3,26,25.8,13,"durant"
"379",51,51,"2017-02-04","28-128","GSW","Away","SAC","L ",-3,1,"42:20",2,10,0.2,0,6,0,6,7,0.857,0,9,9,2,1,5,3,0,10,9,6,"durant"
"380",52,52,"2017-02-08","28-132","GSW","Home","CHI","W ",31,1,"30:41",9,16,0.563,1,2,0.5,3,3,1,0,10,10,7,3,1,3,1,22,22.6,20,"durant"
"381",53,53,"2017-02-10","28-134","GSW","Away","MEM","W ",15,1,"32:20",5,14,0.357,3,6,0.5,11,14,0.786,0,5,5,4,1,2,3,2,24,17.9,2,"durant"
"382",54,54,"2017-02-11","28-135","GSW","Away","OKC","W ",16,1,"32:44",12,21,0.571,3,6,0.5,7,7,1,1,8,9,3,0,0,3,5,34,24.3,12,"durant"
"383",55,55,"2017-02-13","28-137","GSW","Away","DEN","L ",-22,1,"26:41",10,16,0.625,2,5,0.4,3,3,1,1,3,4,5,1,1,3,1,25,21.2,-23,"durant"
"385",57,57,"2017-02-23","28-147","GSW","Home","LAC","W ",10,1,"33:56",8,15,0.533,4,6,0.667,5,6,0.833,1,14,15,7,1,1,1,3,25,26.6,15,"durant"
"387",59,58,"2017-02-27","28-151","GSW","Away","PHI","W ",11,1,"32:38",8,17,0.471,1,4,0.25,10,11,0.909,3,5,8,4,0,1,2,2,27,22.2,-3,"durant"
"408",80,60,"2017-04-08","28-191","GSW","Home","NOP","W ",22,1,"30:56",6,15,0.4,0,4,0,4,4,1,1,9,10,6,0,0,1,3,16,13.3,22,"durant"
"409",81,61,"2017-04-10","28-193","GSW","Home","UTA","L ",-6,1,"32:37",6,12,0.5,0,5,0,4,4,1,0,10,10,6,1,1,1,1,16,17.5,8,"durant"
"410",82,62,"2017-04-12","28-195","GSW","Home","LAL","W ",15,1,"27:09",11,16,0.688,5,7,0.714,2,4,0.5,0,8,8,5,1,1,3,1,29,25.6,28,"durant"
